path,size_bytes,sha256,phase,category,generated_or_source,scientific_role
.github/pull_request_template.md,399,3f7d9f15bbaa76c49532696f3a71e4cded17b7e59a82c6d8a10063e040d281a2,shared,.github,generated_or_adapted,release administration and audit
.github/workflows/tests.yml,757,320e3d98b6b99b049fdc4edceb314c4719f44cdfdf2e2cc35bbcd5f28cfb884e,shared,.github,generated_or_adapted,release administration and audit
.gitignore,906,d771035d83c86faf527fb91ee422ebc082ef751866fbc9946650bff59c6714cd,shared,release_metadata,generated_or_adapted,release administration and audit
CITATION.cff,435,fffc8c320362e7329c5f65dedbf318d523cf0d349e8d832cb57cb8913d81f4cb,shared,release_metadata,generated_or_adapted,release administration and audit
README.md,3501,8763647a14b6b6401532f8adc1af3a16be36add82389de15d9ef2465da9c20aa,shared,release_metadata,generated_or_adapted,release administration and audit
configs/base.yaml,1336,6f876479c9d9afcc102e6d888ee0552753bcb78e6f2eb77cc7f4aa5189256c69,I,configs,source,protocol or configuration
configs/experiment_protocol_frozen.sha256,65,22efe23eb5e9fb4c50f08a3374fe70b67db1c9105359d44acde357fcda57b723,I,configs,source,protocol or configuration
configs/experiment_protocol_frozen.yaml,5995,0c7dd4d36ac055ab8f708f9ebb2763dd4a341c6b9a5967ddaa1f9d3347f43334,I,configs,source,protocol or configuration
configs/filter_sensitivity/protocol.sha256,65,74afb9aa54707aabe17d45cf1f06e7e486f67dd9bf71123d7e8751da3737e2f7,I,configs,source,protocol or configuration
configs/filter_sensitivity/protocol_freeze.json,179,745b2f0ea7e31b669e7caa30ee503321405171f0366648df64e35410505e4b68,I,configs,source,protocol or configuration
configs/filter_sensitivity_protocol_frozen.yaml,15478,9cb6fbc70b33454401c2e58aa9c00d8001f4feadc91c0332145fb2ef174bb7fa,I,configs,source,protocol or configuration
configs/grouped_cv.yaml,120,fef6a9c21af40bc4b18f3332d43b97deb4d0ef88614248ae293d7c08ef45887a,I,configs,source,protocol or configuration
configs/loso.yaml,97,aa621d3dde393f5931f1d034df6005ecc793d375f620f43727d1ff606342603c,I,configs,source,protocol or configuration
configs/observation_split.yaml,197,affd8560176fcf1f1e4533ec7211f31f8a4bd912b5badace03e54e79219de1a5,I,configs,source,protocol or configuration
configs/permutation.yaml,203,9d2b6f6b2591bfb2199a04d4c37420ee2ecbac51b8d7c618a059ce7563edd821,I,configs,source,protocol or configuration
configs/reconstruction.yaml,957,ab3ac0af75e2a79c3b0b06f7324d6de1683e6c8ae165940be7f2596f32a6cef0,I,configs,source,protocol or configuration
configs/source_identity.yaml,121,3aaa8607ee39554428eadada89528eb67b7ae57a0a7e33b3cbdb14d6e31f61d2,I,configs,source,protocol or configuration
configs/state_extension/search_plan_frozen.json,2785,b88f5925bd954f00f6e2adaf4834aa382f188674420cb35646e7f0955136753f,I,configs,source,protocol or configuration
configs/state_extension/search_plan_frozen.sha256,65,0499c0305771b49309b3c446d45bf54d3ebc702e760012c8a82dc842809413fa,I,configs,source,protocol or configuration
configs/state_extension/state_regime_mapping_v2_frozen.json,1337,4cd5fa777179ba89037562fc030c8827251232eb27d8668c44381d98c610b768,I,configs,source,protocol or configuration
configs/state_extension/state_regime_mapping_v2_frozen.sha256,65,3351438ec17320e65f2e959bb64249d7a9e7e0f7ea3c9a9250e6cecf2c019cdd,I,configs,source,protocol or configuration
configs/state_regime_mapping.yaml,1534,ad33e70ac571ee9711512572f0980cbde34e77341354c8f4bae933361f4345bf,I,configs,source,protocol or configuration
configs/state_validation/environment.json,220,5782c8473b29536cc5cc52c86958df43977776c9c69078c086f16d3adfcf4947,I,configs,source,protocol or configuration
configs/state_validation_protocol_frozen.sha256,65,2dbb50d48be6a6a4753ebbc96cec721f69cc7e6a2c7f1073f69eea3325f2b03b,I,configs,source,protocol or configuration
configs/state_validation_protocol_frozen.yaml,3992,06f2e80bf1cb3c9e68cfcf3b28a09eadc9443d6c4a4efdc9efc44ef13cd11341,I,configs,source,protocol or configuration
configs/validation_heasoft_comparison_addendum.sha256,65,e3aa4d978d341c70c159969b17aac2e3d1867ec904a1c29c21b3fb508299f5ea,I,configs,source,protocol or configuration
configs/validation_heasoft_comparison_addendum.yaml,661,aca5a86304d660afc474b6f2e51d61950c86465defade70cd287d446e50c0d5f,I,configs,source,protocol or configuration
configs/validation_heasoft_protocol.sha256,65,f5e5f8affb68c450bbadfa2869c59e0e51883f3c9438dead96a957c071e6d0e7,I,configs,source,protocol or configuration
configs/validation_heasoft_protocol.yaml,5283,e5a788be37bdb9a23ca0139074541663b07dc038a0bb6cad4f5ebf8370ab05cd,I,configs,source,protocol or configuration
cross_mission/DEVELOPMENT.md,4389,bf85d0e855b36fd80d28505dce8dd0266a3470ca9c658ca5c7be8479580ffaee,II,cross_mission,generated_or_adapted,unfinished separate cross-mission study
cross_mission/README.md,965,dc33604d6290eabaa817b0294ecf7569d425a0c85f493153ec8c789a1f09ce08,II,cross_mission,generated_or_adapted,unfinished separate cross-mission study
cross_mission/configs/cross_mission_protocol.yaml,11056,0991965b1c313a2703b02143aeb7221ab1ec102cf3cc11b9de84421529d8c542,II,cross_mission,source,unfinished separate cross-mission study
cross_mission/configs/nustar_env.sh,818,b71fd0e5b3019a1d1a358167d501efe23acac31d1ec4d05dcf183bbb0b61982c,II,cross_mission,generated_or_adapted,unfinished separate cross-mission study
cross_mission/configs/pilot_screening_exceptions.json,990,0e7546cd3550e1992b643d7209a2e35348a50e2d9ecb26553f940f4034ceaadd,II,cross_mission,source,unfinished separate cross-mission study
cross_mission/configs/protocol_design_lock.json,247,895da575c608a777ba31a46925c1f7021dcaeb0d1a72945fc06ecfdee3c7206e,II,cross_mission,source,unfinished separate cross-mission study
cross_mission/data/manifests/download_10601308002.json,17481,6036dd696061d82c48f26473c268d9031586427440ebb4cbec2d33364bb7ea81,II,cross_mission,source,unfinished separate cross-mission study
cross_mission/data/manifests/download_30363002002.json,17585,0f7e47268dd8390d9115158eaf79467e3e94275f57c672a560c931f2386fe7e1,II,cross_mission,source,unfinished separate cross-mission study
cross_mission/data/manifests/nustar_calibration_manifest.csv,3752,bfbc36d066b8d1cf88853f212ec801f3b3828a7b1c380f6f1bbb69435076203e,II,cross_mission,source,unfinished separate cross-mission study
cross_mission/data/manifests/nustar_inventory.csv,451117,3e10cedef0b9d448fbef1b5a66f093fa9d698d662855f3d110f2912f1008bbf8,II,cross_mission,source,unfinished separate cross-mission study
cross_mission/data/manifests/nustar_pilot_regions.csv,3023,5e985163d434ed322b4cf078f7d9a016782f7337a61b939315e6b7c742d43d33,II,cross_mission,source,unfinished separate cross-mission study
cross_mission/data/manifests/nustar_regions.csv,1904,8c974e153eaaf59bd73efda5854356e5de58276f1a7da0e8ff7f49cfb50d83e9,II,cross_mission,source,unfinished separate cross-mission study
cross_mission/data/manifests/prospective_cross_mission_folds.json,35368,2726d844d259fd82b6ab12466bcf6f1a93f683de1f13b94f4be9921b12cbb6f8,II,cross_mission,source,unfinished separate cross-mission study
cross_mission/data/manifests/prospective_identity_rows.csv,14474,5a53579825b92b142d23153aab39cae1609740148cdef98be10227c9a06255e8,II,cross_mission,source,unfinished separate cross-mission study
cross_mission/data/manifests/rxte_readonly_spectral_inputs.csv,108962,32cbcea954ab38cf10ca5500b651946a45329a4e0ee904af43c30df2b79042cc,II,cross_mission,generated_or_adapted,unfinished separate cross-mission study
cross_mission/data/reference/nustar_source_registry.csv,70692,b675662575d57f3a31a64dba81ec679a7b0391e038e40c4143695b034cb0c395,II,cross_mission,source,unfinished separate cross-mission study
cross_mission/reports/common_representation_design.md,5537,b62624cad8c9aaf2b6c92bdc026b5c2c5a861a47f9c850b7326f66a8e494bfd5,II,cross_mission,source,unfinished separate cross-mission study
cross_mission/reports/common_representation_validation.md,1127,7c73519b3e69e58203f6ad45d395b5f8a62397fcc98906adc74012aec7b20110,II,cross_mission,source,unfinished separate cross-mission study
cross_mission/reports/fpma_fpmb_pilot_consistency.md,2061,c8df3f938cd546446d4b94f34f157cecf05284306a50ad5a7f38b1a8c6468239,II,cross_mission,source,unfinished separate cross-mission study
cross_mission/reports/gate_status.md,2705,ac9a31ebfb66c2c52daf9403d9665603a879d0b0b0e890ba096a93d9371ba556,II,cross_mission,generated_or_adapted,unfinished separate cross-mission study
cross_mission/reports/gate_x1_report.json,20435,b3674002c369bdc92a05e3063e5cdaaa59c9887f8871f9014dabaef547bd1634,II,cross_mission,generated_or_adapted,unfinished separate cross-mission study
cross_mission/reports/gate_x1_report.md,2242,fecdcb44c21e2bccfb615989e42572effd7825baa1f4d0e66e99bdcb077592bb,II,cross_mission,generated_or_adapted,unfinished separate cross-mission study
cross_mission/reports/nustar_feasibility.md,5178,17b24798055f1af919e58070d6e2d935e622288fe91a8910d6455b61b6be22f1,II,cross_mission,source,unfinished separate cross-mission study
cross_mission/reports/nustar_pilot_region_validation.md,5203,014d2ec94a0d02f4ae2b804279bb480238ac60273d10fc5d4c4348de186edf7f,II,cross_mission,source,unfinished separate cross-mission study
cross_mission/reports/nustar_pilot_region_visual_audit.md,3325,3006460714d8ddc4317bcbb157595c8109c0a4a60b802bcab4bc3fe51bfee4f5,II,cross_mission,source,unfinished separate cross-mission study
cross_mission/reports/region_review/proposals.json,6137,cdb974c5048efead293d82ac609f1dfaba281f8be31330669f635fe5af0b8778,II,cross_mission,source,unfinished separate cross-mission study
cross_mission/reports/x1_bright_screening_addendum.md,1686,65b95e449c0356ed1cc5187660a57bb903d0913edfd8568700d5321c34730867,II,cross_mission,source,unfinished separate cross-mission study
cross_mission/reports/x2_module_combination_decision_needed.md,1790,41b74a597ce4e5d5b40a37a0ed8eb70bcd00cfc3cc7d3fe811e562941352c2f7,II,cross_mission,source,unfinished separate cross-mission study
cross_mission/reports/x2_pilot_measurement_validation.md,8031,ab128ead35cfbe0c91a5792855659c86f2f8322915807b035d8fdd73c6f0991e,II,cross_mission,source,unfinished separate cross-mission study
cross_mission/results/census_summary.json,270,3cf77ebcca35cf1f92aaa10c473540730a2ea42385bbdb4c12e0529a46c2b347,II,cross_mission,source,unfinished separate cross-mission study
cross_mission/results/x1_pilot/bright_geometry.json,2575,4a968e26e16d27d5478b8aff0d07d0c485dbb135629035ec96975d34c08e69ff,II,cross_mission,source,unfinished separate cross-mission study
cross_mission/results/x1_pilot/product_pairing_audit.csv,1970,8ed04b3b19fc8d069290018478d27bb8adf9ba7604bd4fd150e452dea9bafda1,II,cross_mission,generated_or_adapted,unfinished separate cross-mission study
cross_mission/results/x1_pilot/region_geometry.json,5694,febb461871aaf1cd03a84ef62e76cd9a6218f91fa10519bb49d2c1d4bf8b1ec7,II,cross_mission,source,unfinished separate cross-mission study
cross_mission/results/x1_pilot/response_audit.csv,1339,7c10a1afec2803dc5c3fadadcafb163036b53cacf52bad022a15dd80c021670c,II,cross_mission,generated_or_adapted,unfinished separate cross-mission study
cross_mission/results/x2_pilot/fpma_fpmb_feature_comparison.csv,6934,e2bddfdb87ba2503bbea495e40e2c360f307946ccde1a31769d3896e012de840,II,cross_mission,source,unfinished separate cross-mission study
cross_mission/results/x2_pilot/measurement_validation.json,90374,bb6a5bd46b3e8ff56fc95f1900e5382350cefddaa6c7cce4d023d7f4e2632899,II,cross_mission,source,unfinished separate cross-mission study
cross_mission/results/x2_pilot/monte_carlo_precision_addendum.json,222,ab7150df6a4fd2b4c98894bc28b05d5e52d6378565f28fe10ad2ff66cd5026c6,II,cross_mission,source,unfinished separate cross-mission study
cross_mission/results/x2_pilot/pilot_features.csv,3221,53d919d7f611fb4a6f1c604dd640672644adf5bbea8499e214fc8ee88e02b873,II,cross_mission,source,unfinished separate cross-mission study
cross_mission/results/x2_pilot/pilot_settings.json,788,c3b4012c185e77f8ff08f0baae149906ffb8a68ae0e966169e01607c2da55b7e,II,cross_mission,source,unfinished separate cross-mission study
cross_mission/src/acquire_observation.py,2364,1dcd72160a12f36a2033abd460effdf472267054832f3bc0ab52e4a9ec4c66a3,II,cross_mission,source,unfinished separate cross-mission study
cross_mission/src/acquire_reference.py,1442,f96976f1acc8ef05bbbac7166a48be5b7f5e1e4e7769924a3b99bc4fa3bbd332,II,cross_mission,source,unfinished separate cross-mission study
cross_mission/src/cache_caldb.py,1600,04029e4faffeee8ebadffd93992d444c20101e530ac2672cf611cf9881dcdae2,II,cross_mission,source,unfinished separate cross-mission study
cross_mission/src/census.py,12973,e3a83801d6a491130e9d71e7786e4137fc3bd308e1df6597c2dbbc805a8e85b9,II,cross_mission,source,unfinished separate cross-mission study
cross_mission/src/contracts.py,10289,720e65e0b1c7215baad39e929a5b73d3fefa92583d5affa37da29b46b9cd608a,II,cross_mission,source,unfinished separate cross-mission study
cross_mission/src/evidence.py,3193,93048db1c057459de387c8014c845d3e59aeb3d49657c2a9946eae26178ccf1e,II,cross_mission,source,unfinished separate cross-mission study
cross_mission/src/paths.py,1277,ef145286b3644ac80c07ad1d3b45af2decd27337a42a72cbb46f176e2a8fb1d2,II,cross_mission,generated_or_adapted,unfinished separate cross-mission study
cross_mission/src/pilot_regions.py,3615,fde6c3657ae5a200d4131a0c9f138261e5a34824b2afd721469456452c8bcd5b,II,cross_mission,source,unfinished separate cross-mission study
cross_mission/src/prospective_folds.py,1672,47ca69bd439b14a597ae0a643cc7013180f2d0eeccf38e0da54a42c68acc9049,II,cross_mission,source,unfinished separate cross-mission study
cross_mission/src/run_pipeline.py,3016,3344595aaa705c384faf7edbf8f392f600e82744f37897ac07f6120d2e272fdf,II,cross_mission,source,unfinished separate cross-mission study
cross_mission/src/x1_bright_exposure.py,1745,788178b722e31f9179feab94d5b12e46678a881d418733355aa1c4ba9f179420,II,cross_mission,generated_or_adapted,unfinished separate cross-mission study
cross_mission/src/x1_bright_geometry.py,4992,d2df7f60393724010d444d4b97cf9fc929713a3abe742a5231afe46b102e24b6,II,cross_mission,generated_or_adapted,unfinished separate cross-mission study
cross_mission/src/x1_bright_reduction.py,3838,b4c934e9116cd276957ff549599587d372656edb7916311179d986d438e69de3,II,cross_mission,generated_or_adapted,unfinished separate cross-mission study
cross_mission/src/x1_local_products.py,2403,8134ad5c1b509f5d3257ea0919e4035390513eec834328fbce69449f40f44a77,II,cross_mission,generated_or_adapted,unfinished separate cross-mission study
cross_mission/src/x1_region_audit.py,4070,96c2aa4ce7f0492e1310aadd64afc9bcb12793038fb005335258a681f3121441,II,cross_mission,source,unfinished separate cross-mission study
cross_mission/src/x1_run_tasks.py,3191,7f00cc89e6b254476c8dfc15e9d2f87563d8ae88234d179046c9c93b772fcc45,II,cross_mission,generated_or_adapted,unfinished separate cross-mission study
cross_mission/src/x1_validation.py,8422,71421e885fa17555beefc9e50b04050ba4e8fd34c68d0d205279b4ff01b0fa96,II,cross_mission,source,unfinished separate cross-mission study
cross_mission/src/x2_measurement.py,9338,e12eaf04e30ffab649358659c97ba511a999890a7684248477f9bac58f8f9612,II,cross_mission,source,unfinished separate cross-mission study
cross_mission/src/x2_refine_diagnostics.py,3986,8179acf65f39f8fd0009e48ca78ccc797aeb849adddf59238c289882912b591e,II,cross_mission,generated_or_adapted,unfinished separate cross-mission study
cross_mission/src/x2_run_pilot.py,7089,18cfe30b0d4cda62953a9c7c58129c38b5ac3273e40800b7fcf9181796e6f478,II,cross_mission,generated_or_adapted,unfinished separate cross-mission study
cross_mission/tests/test_contracts.py,9679,522d4613f66f9a3b02fbe8a639bb338016b2ecdebd371493327e1d74ced29de8,II,cross_mission,source,unfinished separate cross-mission study
cross_mission/tests/test_evidence.py,729,397d777e3038722db098051378c8ff6b210abd6e7f0bdf4d9416949f0d2e4534,II,cross_mission,source,unfinished separate cross-mission study
cross_mission/tests/test_release_paths.py,1601,00e1d3c59a3857f0cc1393b77482dad792c48cf7445baffb029e7f8dc5086d19,II,cross_mission,generated_or_adapted,unfinished separate cross-mission study
cross_mission/tests/test_x1_validation.py,4822,642af0dda6b430c23518fec88d01d87c452666fdc56495c4eb6c8945a634288b,II,cross_mission,source,unfinished separate cross-mission study
cross_mission/tests/test_x2_measurement.py,2755,e7b18babde8d3779ccebb8cfdacb412bb5d3b063b78e3da1e8d38f6bd77eb947,II,cross_mission,source,unfinished separate cross-mission study
data/README.md,1888,fce445039de8b4a5bb4a6fc55c8e1729a741fa25bff55ea5ab2dce003f2ac7b7,I,data,generated_or_adapted,"tabular cohort, source identity or acquisition provenance"
data/manifests/dataset_provenance.yaml,529,63e2e6c61a072419fb2506d7b41d2684d8098b5e24f798a76249ba030eb6ea63,I,data,source,"tabular cohort, source identity or acquisition provenance"
data/manifests/energy_grids.json,154,1506a1155889a3c7f89b129c31b0140da9312444170de72d06d1159fde112a5f,I,data,source,"tabular cohort, source identity or acquisition provenance"
data/manifests/excluded_observations.csv,21235,2396d413c8e5b46525826196082432ae4adc66070680ced993b375b33ad9b2a0,I,data,source,"tabular cohort, source identity or acquisition provenance"
data/manifests/label_provenance.csv,6610,b504ea5268194ff82ecc6f15c0c994a0a0bab7ab01451266d370be138dc97d7a,I,data,source,"tabular cohort, source identity or acquisition provenance"
data/manifests/observation_manifest.csv,265244,d8c60665449a3bf80de33f506961d7d151773ec418d23c042c78fd0bdbf4d424,I,data,source,"tabular cohort, source identity or acquisition provenance"
data/manifests/pm_feature_definitions.json,169,a1df07cfb4aa2848c48bad585dd45f0a2d79022621387fc8655a7d7305d0bfe0,I,data,source,"tabular cohort, source identity or acquisition provenance"
data/manifests/primary_split_definitions.json,1230680,4fcb80f82586a131fb3e6778e52bdaf1690f87d9f4a632b0771d490d451e2f2a,I,data,generated_or_adapted,"tabular cohort, source identity or acquisition provenance"
data/manifests/rxte_acquisition_selection.csv,354663,c407e2a4027d066c6a8feda6eae9a1fadd90fef39b1e56d5783c56c760d61c9f,I,data,source,"tabular cohort, source identity or acquisition provenance"
data/manifests/rxte_observation_inventory.csv,4827378,38e0c16e0312b24fc8c38bae72d798558384ef4fa732de372d8840d1be486984,I,data,source,"tabular cohort, source identity or acquisition provenance"
data/manifests/source_aliases.csv,19951,172d547ce410659ff6f068ee82a8a187775657885541057b5a1a02be5aee64e2,I,data,source,"tabular cohort, source identity or acquisition provenance"
data/manifests/source_manifest.csv,6709,7eb03ea81178205c6bef2b825d9aca7604b9fa8a2d2c7e6bc6080ae43ced4ed7,I,data,source,"tabular cohort, source identity or acquisition provenance"
data/manifests/source_registry.csv,15163,fa476c8ab983dcf73c9d8b5b9ca768c66ca1f1d8a6ce5357f26819ebf9ee3d21,I,data,source,"tabular cohort, source identity or acquisition provenance"
data/processed/energy_grid_metadata.csv,251998,e9de02730bb68e2e05bb957c71c210061e1d953c8244bdd84a8be53c128005a2,I,data,source,"tabular cohort, source identity or acquisition provenance"
data/processed/observations.csv,1739043,9526c3327502907fa50655a5749b206ba1eda903f16fb45fa13e2665d06fb7f8,I,data,source,"tabular cohort, source identity or acquisition provenance"
data/processed/validation_heasoft/excluded_observations.csv,6751,5d80c27c2fd31bbd7a40f94db92d44830e70283226d39f429c1bb7b4ffcaf470,I,data,source,"tabular cohort, source identity or acquisition provenance"
data/processed/validation_heasoft/expanded_selection.csv,3999,1e0c12046d172e3e3cdcefc0d483ab443b3f1b64fc3b32f9196681fb3b814386,I,data,source,"tabular cohort, source identity or acquisition provenance"
data/processed/validation_heasoft/expanded_source_observations.csv,499876,c40651ef414f3202530e09b0f7b911ee2fae7a51730b08e72d1f867f4eaa4cfb,I,data,source,"tabular cohort, source identity or acquisition provenance"
data/processed/validation_heasoft/heasoft_matched_observations.csv,472294,ce483a41ae2876e301f66278f251ddf0c2dfce59482f047e5619cd678ea02d80,I,data,source,"tabular cohort, source identity or acquisition provenance"
data/processed/validation_heasoft/heasoft_validation_observations.csv,486085,3af35b8e314a832ed29d088d9e4cf09cb6e3484b444eeddb51145109d80c8ce0,I,data,source,"tabular cohort, source identity or acquisition provenance"
data/processed/validation_heasoft/matched_observations.csv,1231417,566bbb6d71c6815836441df85d9d525062fe65a43b9cc4c81bb96e2e206c49c1,I,data,source,"tabular cohort, source identity or acquisition provenance"
data/processed/validation_heasoft/preselected_observations.csv,14247,a026e05f745c5591e6482cdf59b109b312e8b5d83b3c912d15bd112b490a3abf,I,data,source,"tabular cohort, source identity or acquisition provenance"
data/provenance/external_sources.csv,10182,80b89d52d8176a40fcf946e94d1e7df227257061bb28a4f39957ab2869918574,I,data,source,"tabular cohort, source identity or acquisition provenance"
data/provenance/observation_provenance.csv,806922,ea5a57b303b26168452aab4008c5325638daf0d4084fc8f3c3aa6db4b4006297,I,data,source,"tabular cohort, source identity or acquisition provenance"
data/provenance/published_source_roster.csv,3583,67f5842576be5fe79e6c4f10199024123a36656bed55f1f506b35d83512d69d8,I,data,source,"tabular cohort, source identity or acquisition provenance"
data/provenance/reduction_environment.json,377,629d1745d1dd714f832bf1387d82b936b379b9d341e261b5418b4981b29f184a,I,data,source,"tabular cohort, source identity or acquisition provenance"
data/provenance/rxte_download_manifest.csv,2407031,a3f8dcbc1810a5ba8aad655977bfd45341f2ad1512594e7826853a8555b1d63d,I,data,source,"tabular cohort, source identity or acquisition provenance"
data/reference/reference_source_roster.csv,14654,0877b4b26ce2b7a608c60b9af804f37a4bcff07cab9e40a932c0da93d0ed3211,I,data,source,"tabular cohort, source identity or acquisition provenance"
docs/data_provenance.md,1797,7301db9bf600acc0b1a423b9c4723a6cb1e413217d2f6e4498cd6080b0de07b6,shared,docs,generated_or_adapted,scientific and reproduction guidance
docs/derived_artifacts.json,20284,cd29f9e0c8b5583bf8af6688c07df46d5a8d00911d42eaab6b4bd359c2eb4f5d,shared,docs,generated_or_adapted,scientific and reproduction guidance
docs/limitations.md,1250,9124200987b151f6c98461eabf64739bbb6ab2effaf5ce9e5aed86310bdb0319,shared,docs,generated_or_adapted,scientific and reproduction guidance
docs/methodology.md,3379,c9c53c58fdbe50fbf259711953d9e3cd102fb742d467ec8e6e3ddf81899399a7,shared,docs,generated_or_adapted,scientific and reproduction guidance
docs/phase2_status.md,1197,2664443b6888915569767883d9e325c6695fbb33582fd681042044c223e97248,shared,docs,generated_or_adapted,scientific and reproduction guidance
docs/release/final_pre_push_audit.md,1372,43e3ed6d205a2510060061a2367d7d4475ecea4098300f3477025528870d1fbb,shared,docs,generated_or_adapted,scientific and reproduction guidance
docs/release/final_pre_push_report.md,4894,82ae3db8a3d3342f2b661d8d463a732a8d729b34b54232f4a62053d02b99492c,shared,docs,generated_or_adapted,scientific and reproduction guidance
docs/release/phase1_release_audit.md,1657,31eae7eff89a216fa10422c245fb2c6c0058c71ea4ce24feba3852d73c1267c1,shared,docs,generated_or_adapted,scientific and reproduction guidance
docs/release/release_preparation_audit.md,1941,7f41cae8d6a211de3a1af173a6bb556a8eed02c941eae662e79a9ec969b58a0b,shared,docs,generated_or_adapted,scientific and reproduction guidance
docs/release/security_audit.md,1684,58fcea3120a2e3f3278ba01143cf2e50201f535d9fe7976fe686bc3c5d5e009c,shared,docs,generated_or_adapted,scientific and reproduction guidance
docs/release_provenance.csv,86380,dc9ff7396c4c02da187b1847b0d929628c3af9f97479078d949a2e5337efc816,shared,docs,generated_or_adapted,scientific and reproduction guidance
docs/reproducibility.md,4509,db29bb18077ad4a2c6d3c7d8bb2729853c514a7f97c8dbea55b718380b9853a8,shared,docs,generated_or_adapted,scientific and reproduction guidance
docs/scientific_overview.md,2545,90105d3f35d02050f53da630bf0638393fb6eb9990e66c0db2eab1d143493520,shared,docs,generated_or_adapted,scientific and reproduction guidance
docs/validation_record.md,2903,724d4eebf2e8feb5afdb3777b546c68dd6b7a4567f236980e7141e4cf06239c5,shared,docs,generated_or_adapted,scientific and reproduction guidance
docs/workspace_exclusions.json,887,f92f70b6bec2d4e6ceb768b215b474b57f63a1170afe90104dab3f13878e4fe3,shared,docs,generated_or_adapted,scientific and reproduction guidance
manuscript/AUTHOR_TODOS.md,2676,434679e30b80810471366f987f234f76c0577c6989571c7c7cb59d646ed13c41,I,manuscript,source,publication source or artifact
manuscript/README.md,1548,67f1b7dc6019a45e003f9ce75f8f03bf91eaf41a11212d5173dd4abd3e58e4e1,I,manuscript,generated_or_adapted,publication source or artifact
manuscript/build.sh,1197,00abd62d0fe4a205a85ab4180390a58f085dd8dece1a3d9b7bb8814933be0acc,I,manuscript,generated_or_adapted,publication source or artifact
manuscript/figures/figure_1_design.pdf,48094,608dffc0ae744ed1eb1a77833dd170d8f422242a331d4844b33aa3658f2d8072,I,manuscript,source,publication source or artifact
manuscript/figures/figure_2_primary.pdf,29132,ca4544ef0bc7feb2992ea67e2af28cad464e96cedc1cce31538eca5c4e72659a,I,manuscript,source,publication source or artifact
manuscript/figures/figure_3_randomization.pdf,49451,80712c39424c93f4f3be76f2ca907a927609686d496f4c3661be82270d328a01,I,manuscript,source,publication source or artifact
manuscript/figures/figure_4_validation.pdf,22775,d3371f6d171a50919c18c05a7fbd976dc8c626d869e32e2752fcff6db8e6d177,I,manuscript,source,publication source or artifact
manuscript/figures/figure_5_expanded.pdf,34744,4ef3262e094cde4cdcc14eef22963a0bb716c5a070e75720a438da233bfc6735,I,manuscript,source,publication source or artifact
manuscript/figures/figure_6_state.pdf,41918,71d94cb8d55da98036472d49633ba298c8a38579ec4d0b1969dc1cd8ba76cc65,I,manuscript,source,publication source or artifact
manuscript/main.pdf,467999,450784dc62b01f45c02b18003847c6f3ffc1fe7b185c1076122a6dbdcb398432,I,manuscript,generated_or_adapted,publication source or artifact
manuscript/main.tex,72097,c3a733f54f98543eb424e67617bc6c57ede5cac50910adf68f4c036ad4b28a11,I,manuscript,generated_or_adapted,publication source or artifact
manuscript/mnras.bst,43376,8dd7405398edf44e97c055b1e5b9b5ba1420102f1315dbf22d23c06f0d56f314,I,manuscript,source,publication source or artifact
manuscript/mnras.cls,62657,43403d42440caa704a0b6631acd5ae01524869e124450a0449646fc07f4c1152,I,manuscript,source,publication source or artifact
manuscript/references.bib,16391,eed5793950102ebb3756184acea6011dabc81d4c20370ea94110d09bb1ba7e70,I,manuscript,source,publication source or artifact
manuscript/supplement/figures/figure_S1_calibration.pdf,52054,8d1b98c8254d29b628e9d01b655205991a76b18ff59791745bd62107c70b979c,I,manuscript,source,publication source or artifact
manuscript/supplement/supplement.pdf,206585,14203cdb9e5164d9854a1863214126536b4d0cf9e5ad9a0cee0524ae04c164c6,I,manuscript,generated_or_adapted,publication source or artifact
manuscript/supplement/supplement.tex,17946,fdb13ac7106a84301a15de66ea0bf89de64618a087974de3f810661c979e6a8f,I,manuscript,generated_or_adapted,publication source or artifact
manuscript/supplement/tables/S1_cohort_census.csv,296,9263a68198d8059013bcdfcbc6a356e9f74dee46e6ceb77e59229f37c07ed80c,I,manuscript,source,publication source or artifact
manuscript/supplement/tables/S1_excluded_observations.csv,21235,2396d413c8e5b46525826196082432ae4adc66070680ced993b375b33ad9b2a0,I,manuscript,source,publication source or artifact
manuscript/supplement/tables/S1_label_provenance.csv,6610,b504ea5268194ff82ecc6f15c0c994a0a0bab7ab01451266d370be138dc97d7a,I,manuscript,source,publication source or artifact
manuscript/supplement/tables/S1_reference_roster.csv,14654,0877b4b26ce2b7a608c60b9af804f37a4bcff07cab9e40a932c0da93d0ed3211,I,manuscript,source,publication source or artifact
manuscript/supplement/tables/S1_selected_obsids.csv,289455,0c7abf79845b5826c3786fc01b6d01c6b5838715a60763f7d016005960122011,I,manuscript,source,publication source or artifact
manuscript/supplement/tables/S1_source_aliases.csv,17215,0722bf7b921892cda6ba646bb53e367de97069425bf9175c7f2d89a003b75248,I,manuscript,source,publication source or artifact
manuscript/supplement/tables/S1_source_registry.csv,15163,fa476c8ab983dcf73c9d8b5b9ca768c66ca1f1d8a6ce5357f26819ebf9ee3d21,I,manuscript,source,publication source or artifact
manuscript/supplement/tables/S2_identity_predictions.csv,31711,ae98af687cb8bdec91634e8333d4591f4f68628e343c4113d840426d7d0e4e12,I,manuscript,source,publication source or artifact
manuscript/supplement/tables/S2_learning_curve.csv,12777,7322829db0d370c1e6d741480272e1826b3ca2cdb706b445907f1ae0fb26a927,I,manuscript,source,publication source or artifact
manuscript/supplement/tables/S2_primary_metrics.csv,4080,55502a32ee39747acce0073eb5e0778dd6f00216fde740377f70b8afb0c3258e,I,manuscript,source,publication source or artifact
manuscript/supplement/tables/S2_primary_paired_differences.csv,1332,33f63227fba213485b6f7581c77f7f10eece15098ede368bc798f6c5d530871e,I,manuscript,source,publication source or artifact
manuscript/supplement/tables/S2_primary_randomization.csv,17198,87b3c9d195da83de3d0bf8dfc52ab8f95a304513c3042ad8b281daf94b4b1a35,I,manuscript,source,publication source or artifact
manuscript/supplement/tables/S2_primary_robustness.csv,4522,0d0260014045dd032560378577d2b803795d3c1e2466035857872bdee3e54562,I,manuscript,source,publication source or artifact
manuscript/supplement/tables/S3_EXPANDED_SOURCE_forest_grouped.csv,4844,cc61e90c28da03756c582034989a932c3037def3240d10c27529540d94550d79,I,manuscript,source,publication source or artifact
manuscript/supplement/tables/S3_EXPANDED_SOURCE_forest_loso.csv,4908,3334d743ac656ef2677a6241925ec440470298b739c0281723acf100b5ac94a3,I,manuscript,source,publication source or artifact
manuscript/supplement/tables/S3_EXPANDED_SOURCE_logistic_grouped.csv,4924,5cb9f2cdb43f4e11991fe43a364ca254fcc7290ad569d180385f94f7ea05e226,I,manuscript,source,publication source or artifact
manuscript/supplement/tables/S3_EXPANDED_SOURCE_logistic_loso.csv,4922,3dddcc6addd6b0bb44fa0bed07b7ff8ea311d6641b69511f1fd3a938fbf480a0,I,manuscript,source,publication source or artifact
manuscript/supplement/tables/S3_HEASOFT_MATCHED_forest_grouped.csv,4617,e708a3469d1910d4e58a37442864feaa8f111b2c27607acb449c1effa21d9b81,I,manuscript,source,publication source or artifact
manuscript/supplement/tables/S3_HEASOFT_MATCHED_forest_loso.csv,4623,7321bfc7d96445da435455f175bb4ca204388beac49d42f0917709e765f10afe,I,manuscript,source,publication source or artifact
manuscript/supplement/tables/S3_HEASOFT_MATCHED_logistic_grouped.csv,4615,fe73b0463e9a3604fc5b73b1183f56e3d6ab66f7040e8fc4c2efa22f8d41155b,I,manuscript,source,publication source or artifact
manuscript/supplement/tables/S3_HEASOFT_MATCHED_logistic_loso.csv,4666,015c81a8f336f81d4b5aff87e5565c70bf2ac071c1024e7c7cad9a9dc9eca189,I,manuscript,source,publication source or artifact
manuscript/supplement/tables/S3_HEASOFT_VALIDATION_forest_grouped.csv,4598,6ca7860032cf4d2d6c3c17a80aa357845a87c86d9234eef3d08729223017176f,I,manuscript,source,publication source or artifact
manuscript/supplement/tables/S3_HEASOFT_VALIDATION_forest_loso.csv,4611,96b352450bb301bee12b5aaaaefc13259a99519a34fbd66f5344927ad6eca9c5,I,manuscript,source,publication source or artifact
manuscript/supplement/tables/S3_HEASOFT_VALIDATION_logistic_grouped.csv,4589,41dca044e10aee5fb0892dc5571eaf1cc2a4993fe4aed153dcc05539de852222,I,manuscript,source,publication source or artifact
manuscript/supplement/tables/S3_HEASOFT_VALIDATION_logistic_loso.csv,4623,3b6837ffdd16643707cfeeb706aa9f0ec8126736719a04f46ac260722bacad31,I,manuscript,source,publication source or artifact
manuscript/supplement/tables/S3_PRIMARY_SAME_OBSIDS_forest_grouped.csv,4583,f262773634eb460d3f00e47082634628faac2e0d1802bf758c5182c599a71748,I,manuscript,source,publication source or artifact
manuscript/supplement/tables/S3_PRIMARY_SAME_OBSIDS_forest_loso.csv,4611,18966752f760601b5705388270694a2bddf4f8bf56be52d3bb38711c4676187b,I,manuscript,source,publication source or artifact
manuscript/supplement/tables/S3_PRIMARY_SAME_OBSIDS_logistic_grouped.csv,4608,ec1db06966875fa14a313eaa82fd6673cdbf81c02de6878e559b906f0e16dc8c,I,manuscript,source,publication source or artifact
manuscript/supplement/tables/S3_PRIMARY_SAME_OBSIDS_logistic_loso.csv,4612,2f6f7bc07be7e31cd04f5729358b4fa973ca857662cc295d18ac22bed8c47b41,I,manuscript,source,publication source or artifact
manuscript/supplement/tables/S3_primary_LOSO.csv,13707,bc6d2678e7980be298733365e0a2507731d4cb3badda62d1299bec525264f37d,I,manuscript,source,publication source or artifact
manuscript/supplement/tables/S4_HEASoft_randomization.csv,3421,9ef591334eb3d362878f872c75b642ebd67970c59caca10d840d55c32d1dc4ab,I,manuscript,source,publication source or artifact
manuscript/supplement/tables/S4_all_validation_metrics_tidy.csv,70142,c45032d342d7607c9c07739cfd244f5220a0420b479f41a5c899d86d92788b87,I,manuscript,source,publication source or artifact
manuscript/supplement/tables/S4_detector_configuration.csv,378371,0f9f227a9380765b4e2231546da1820e3a773d3e9fc3fe29ccf79f008abfc234,I,manuscript,source,publication source or artifact
manuscript/supplement/tables/S4_epoch_distribution.csv,116,fa4ec94ca1483b0ff0a008ec802a3e5a41103b6380707b6587dea46e81a143be,I,manuscript,source,publication source or artifact
manuscript/supplement/tables/S4_epoch_holdout.csv,736,2c96517d345a571f1a4e0f78a0e94d3b3c85cc2249fe52a23b4c95420c981f47,I,manuscript,source,publication source or artifact
manuscript/supplement/tables/S4_full_diagnostic_metrics.json,18345,4f0b0338d749355198c871570421c8ba9627b7b983db487dbf90afb6404f87e8,I,manuscript,source,publication source or artifact
manuscript/supplement/tables/S4_full_validation_metrics.json,42744,909c958fc464ba2aad1cd8828a56d436437352eeb224286b3e6a776d596e0e3b,I,manuscript,source,publication source or artifact
manuscript/supplement/tables/S4_paired_processing_effects.csv,7574,9dbc1ed92535c6d9404e8e1dcd905cc0a6523674ecc33945d877ccdbe449034c,I,manuscript,source,publication source or artifact
manuscript/supplement/tables/S4_residual_imbalance.csv,488,59980419d636307dbe7c750296649a1b0d8895d4bac099df38e9c0633aee0a20,I,manuscript,source,publication source or artifact
manuscript/supplement/tables/S4_validation_metrics.csv,6665,c6ab4a96aa85cb61e7c21d065080bb3deba0adaf4bb901c30a2fe7d15207b83c,I,manuscript,source,publication source or artifact
manuscript/supplement/tables/S5_closure.json,1578,03a20891c2d09c5ab0bd2cd4bf8c6d8b1b0b20532a0c16de562ae4a15df9ed8b,I,manuscript,source,publication source or artifact
manuscript/supplement/tables/S5_dossier_1a_1744_361.md,3167,89b1f0009f0383a57b3ab80ac327b4521c419f316f5fcfbfc37b0e194cc6a32f,I,manuscript,source,publication source or artifact
manuscript/supplement/tables/S5_dossier_4u_0614_09.md,3338,324d5c8d71e32278f6cb4e8a7dc9deaf8a94d7619e6eee7632f900da591d035e,I,manuscript,source,publication source or artifact
manuscript/supplement/tables/S5_dossier_4u_1254_69.md,3080,07276d8df7ef67c83f74a360850c9d2a32781ce94236d16363e38efaba6f8728,I,manuscript,source,publication source or artifact
manuscript/supplement/tables/S5_dossier_4u_1636_536.md,3240,caa79481064e57e7fe3804db7122d8a54c615976b9d3fc398c55e78a2698978a,I,manuscript,source,publication source or artifact
manuscript/supplement/tables/S5_dossier_4u_1702_429.md,3084,7afe64cd7613a50a07c6c365c56c5d83db4a8852418a4db88f74ed7cc82023fe,I,manuscript,source,publication source or artifact
manuscript/supplement/tables/S5_dossier_4u_1705_44.md,3289,fc67d3d80dd98df332b71b7fd758a3ab092fce5de7df940820e7b1402ed313c1,I,manuscript,source,publication source or artifact
manuscript/supplement/tables/S5_dossier_4u_1728_34.md,3325,4d71a432ccb72c39c700bca94362dc103a68eb00b5b812e343d74329a266690f,I,manuscript,source,publication source or artifact
manuscript/supplement/tables/S5_dossier_4u_1735_444.md,3041,cac5e2d76fa70b93bfd0f726a2f25899b14e287e7abbed8d7f5fef23b8a0b196,I,manuscript,source,publication source or artifact
manuscript/supplement/tables/S5_dossier_4u_1746_37.md,2997,d41c8cc63c1b82250edb9bddada277eda9117fcb24855b335419281f480d0a37,I,manuscript,source,publication source or artifact
manuscript/supplement/tables/S5_dossier_aql_x_1.md,3492,8b0c75480746570bcc23fe5c3cff0483432a1b376da8df91ecd4fc372ddedf29,I,manuscript,source,publication source or artifact
manuscript/supplement/tables/S5_dossier_cyg_x_2.md,2834,f2af0bc289ac84cf9120dbafb5794bc22b1e1710cebfff8432a60ded201b91a9,I,manuscript,source,publication source or artifact
manuscript/supplement/tables/S5_dossier_hete_j1900_1_2455.md,3365,9a06fda705ba12ec4fd815167290800b82c2b5a061e1d1506bc3276dfcbd9a63,I,manuscript,source,publication source or artifact
manuscript/supplement/tables/S5_dossier_igr_j00291_5934.md,2838,c3ea16671b107d9ee8ba9e891a5173e55f85dc7035bcc25739e454f8ed19aadc,I,manuscript,source,publication source or artifact
manuscript/supplement/tables/S5_dossier_ks_1731_260.md,3505,979f9b2781bd4dbeaca589f085fbe5c01337722b6c5fbb9be1caa34b44338c24,I,manuscript,source,publication source or artifact
manuscript/supplement/tables/S5_dossier_mxb_1658_298.md,2985,43da2f2a69756d61a6c3de3a939b766ca3bb597aa853c200607eb1f9350de185,I,manuscript,source,publication source or artifact
manuscript/supplement/tables/S5_dossier_sax_j1750_8_2900.md,3109,ee4cd2879532e1ea04af095ad4597c6323bdd0b222b7288ac3bf1ad5e75e5c26,I,manuscript,source,publication source or artifact
manuscript/supplement/tables/S5_dossier_sax_j1806_5_2215.md,3093,4c873477ac4e87e3a9cac34255e697a847cde56a14d978524d2080afda1ced14,I,manuscript,source,publication source or artifact
manuscript/supplement/tables/S5_dossier_sax_j1808_4_3658.md,3418,a601c920e2c03e74b1e4219bc189cfffd90fc12b7d771f3faba6ec4366a9d247,I,manuscript,source,publication source or artifact
manuscript/supplement/tables/S5_dossier_ser_x_1.md,3105,861b0d1dd3e3aada74d5b89971f8e9e279600f5a89d134af0a8b5b63397673b4,I,manuscript,source,publication source or artifact
manuscript/supplement/tables/S5_dossier_slx_1735_269.md,3353,19696a0d098cd2f3f7d3ee4888b446f42f4a89b6262094893b6429433c15c208,I,manuscript,source,publication source or artifact
manuscript/supplement/tables/S5_final_regime_counts.csv,221,6ddae6e921f7b5e3b5879272adba1f322800aacd009b4912d04058c4db50dbbd,I,manuscript,source,publication source or artifact
manuscript/supplement/tables/S5_merged_state_catalogue.csv,1148328,7557d1908c8d1222c420e31973c63156696c1778eaa396154fc0a7e37c66611f,I,manuscript,source,publication source or artifact
manuscript/supplement/tables/S5_native_state_descriptive.csv,18139,872aac00b1274a41406528e8a2ba34fad45243609c4c98195462a9559ac14ede,I,manuscript,source,publication source or artifact
manuscript/supplement/tables/S5_original_state_catalogue.csv,489723,260ca4fcf534e4ef2df691a59d72bc7c9a8b0cf1607588ca704fd1c710bca90e,I,manuscript,source,publication source or artifact
manuscript/supplement/tables/S5_proxy_full_paired.csv,2213,6aadb7de639a84d13f4177ce90b12ce7f44011e84a60449545bef684606c4b25,I,manuscript,source,publication source or artifact
manuscript/supplement/tables/S5_proxy_metrics.csv,1745,a714e53bf292051939345c61c1d73c3aee872fb88e9f8cea477e8df234e2c64b,I,manuscript,source,publication source or artifact
manuscript/supplement/tables/S5_reliability.csv,2881,57c06276adf399ff61ce5830cd9a10ffe3a7701b9f6adf515d8e5a8ac5d38640,I,manuscript,source,publication source or artifact
manuscript/supplement/tables/S5_within_source_descriptive.csv,11446,bdb71a24467832136bfeb1e4435cdc3df13783be8c331a29d8432003f9af3051,I,manuscript,source,publication source or artifact
manuscript/supplement/tables/S6_HEASoft_protocol.yaml,5283,e5a788be37bdb9a23ca0139074541663b07dc038a0bb6cad4f5ebf8370ab05cd,I,manuscript,source,publication source or artifact
manuscript/supplement/tables/S6_ML_environment.json,345,fca65cfd8aa53d90a47a5484674bcc4dd625a631588f48f2f853be4d7bca5520,I,manuscript,source,publication source or artifact
manuscript/supplement/tables/S6_environment_correction.json,454,b4057928fa50830c30d7f87e30ea93c48eacc591a01b04b130867ea1aafd6e92,I,manuscript,source,publication source or artifact
manuscript/supplement/tables/S6_extension_mapping.json,1337,4cd5fa777179ba89037562fc030c8827251232eb27d8668c44381d98c610b768,I,manuscript,source,publication source or artifact
manuscript/supplement/tables/S6_extension_search_plan.json,2785,b88f5925bd954f00f6e2adaf4834aa382f188674420cb35646e7f0955136753f,I,manuscript,source,publication source or artifact
manuscript/supplement/tables/S6_primary_environment.json,764,39816b1283feb9a984581cb9397028bdd9d727f91c89fe7a8cdaa8c9b209badb,I,manuscript,source,publication source or artifact
manuscript/supplement/tables/S6_primary_protocol.yaml,5995,0c7dd4d36ac055ab8f708f9ebb2763dd4a341c6b9a5967ddaa1f9d3347f43334,I,manuscript,source,publication source or artifact
manuscript/supplement/tables/S6_processing_environment.json,2169,23ebf678a562fdcf031d885434ca15f78feb6878a28bb8d5b66485cefeb5a3d7,I,manuscript,source,publication source or artifact
manuscript/supplement/tables/S6_state_protocol.yaml,3992,06f2e80bf1cb3c9e68cfcf3b28a09eadc9443d6c4a4efdc9efc44ef13cd11341,I,manuscript,source,publication source or artifact
manuscript/supplement/tables/column_dictionary.csv,76926,eb5cb5416d0b84fc758835e650b9f7322de06f67412f6949a267bf6bd49e0c52,I,manuscript,source,publication source or artifact
manuscript/supplement/tables/evidence_index.csv,14217,dc535455dca094d23df4c85a3e7d9561aa24da5b1ce498e321284915e69e8aef,I,manuscript,source,publication source or artifact
pyproject.toml,945,b597a9223306d69c9ae0f150abacedf8cb3bde99eaac9b96e0f13a5b8a51f0b0,I,release_metadata,generated_or_adapted,release administration and audit
reports/rxte_product_structure.md,3120,f6b4675668463b39bb75a8f5c18308dbf77a0711d4bb735704809981c1ec5bac,I,reports,source,release administration and audit
reports/source_identity_review_XTE_J1908_4U1907.md,4144,a653ac95351ac24d10db27b0d2465530c29ef04c4fd837c1764d5780c48cb641,I,reports,source,release administration and audit
reports/spectral_extraction_method.md,4670,ccb26b4bc589ac95b1c5f48ed5233d03d90496bd936a90eb4cee6906134835c5,I,reports,source,release administration and audit
requirements.lock.txt,741,297888b46981abe443bdf5c4e1f4ea04d0902e7708704a530e477a5825840d67,I,release_metadata,source,release administration and audit
requirements.txt,106,f4ba11c5d24cd03562ab2a0e8f3b005f6b2e546fd3e5a8dc756b7061136611c4,I,release_metadata,generated_or_adapted,release administration and audit
results/loso_predictions.csv,173376,8e7b8367f64ead3ca457a56fe91f2651240cde6d9ebc8d32ceaf87c98db06920,I,results,source,frozen scientific output
results/loso_source_summary.csv,13707,bc6d2678e7980be298733365e0a2507731d4cb3badda62d1299bec525264f37d,I,results,source,frozen scientific output
results/observation_metrics_secondary.csv,1803,fd4083a7140ca421d8114eebe83e6d328008d68835d57236993481fba03356a4,I,results,source,frozen scientific output
results/paired_performance_difference.csv,1332,33f63227fba213485b6f7581c77f7f10eece15098ede368bc798f6c5d530871e,I,results,source,frozen scientific output
results/primary_performance.csv,4080,55502a32ee39747acce0073eb5e0778dd6f00216fde740377f70b8afb0c3258e,I,results,source,frozen scientific output
results/primary_predictions.csv,538733,ca86ff5b19d260d9dde14aad205670364e2effc91cb1dd11e55b776e3fed7f9d,I,results,source,frozen scientific output
results/robustness_results.csv,4522,0d0260014045dd032560378577d2b803795d3c1e2466035857872bdee3e54562,I,results,source,frozen scientific output
results/source_identification_predictions.csv,31711,ae98af687cb8bdec91634e8333d4591f4f68628e343c4113d840426d7d0e4e12,I,results,source,frozen scientific output
results/source_learning_curve.csv,12777,7322829db0d370c1e6d741480272e1826b3ca2cdb706b445907f1ae0fb26a927,I,results,source,frozen scientific output
results/source_randomization_results.csv,17198,87b3c9d195da83de3d0bf8dfc52ab8f95a304513c3042ad8b281daf94b4b1a35,I,results,source,frozen scientific output
results/state_extension/regime_feasibility.csv,221,6ddae6e921f7b5e3b5879272adba1f322800aacd009b4912d04058c4db50dbbd,I,results,source,frozen scientific output
results/state_extension/stage_status.json,1578,03a20891c2d09c5ab0bd2cd4bf8c6d8b1b0b20532a0c16de562ae4a15df9ed8b,I,results,source,frozen scientific output
results/state_validation/proxy_full_paired_differences.csv,2213,6aadb7de639a84d13f4177ce90b12ce7f44011e84a60449545bef684606c4b25,I,results,source,frozen scientific output
results/state_validation/table_S3_state_controlled_performance.csv,599,45e4f09d884824fd974ccf66a2074e983b644d3a646174b0098ccb3167f342ba,I,results,source,frozen scientific output
results/validation_heasoft/bh_expansion_outcomes.csv,689,f48b22b0529c6d221f3b674185bf8a16cedfcd73979f78e69aacb6e43a47a70e,I,results,source,frozen scientific output
results/validation_heasoft/cohort_flow.csv,135,faefe1045687cc3cbbce3970383ee90782798ab76b094757a89a512f6c9cdcd7,I,results,source,frozen scientific output
results/validation_heasoft/confounder_table.csv,378371,0f9f227a9380765b4e2231546da1820e3a773d3e9fc3fe29ccf79f008abfc234,I,results,source,frozen scientific output
results/validation_heasoft/dataset_freeze.json,983,758534871723b464af51e320e6cbec9bb5015042223142dcbe743869b50f97dd,I,results,source,frozen scientific output
results/validation_heasoft/diagnostic_metrics.json,18345,4f0b0338d749355198c871570421c8ba9627b7b983db487dbf90afb6404f87e8,I,results,source,frozen scientific output
results/validation_heasoft/environment_audit_note.json,454,b4057928fa50830c30d7f87e30ea93c48eacc591a01b04b130867ea1aafd6e92,I,results,source,frozen scientific output
results/validation_heasoft/epoch_holdout_summary.csv,736,2c96517d345a571f1a4e0f78a0e94d3b3c85cc2249fe52a23b4c95420c981f47,I,results,source,frozen scientific output
results/validation_heasoft/exclusion_summary.csv,963,f3c5213df60ec6e04e08410d415968d696a50a3c3fa07e6fd3a70c89064cb639,I,results,source,frozen scientific output
results/validation_heasoft/gain_epoch_distribution.csv,116,fa4ec94ca1483b0ff0a008ec802a3e5a41103b6380707b6587dea46e81a143be,I,results,source,frozen scientific output
results/validation_heasoft/heasoft_model_metrics.json,42744,909c958fc464ba2aad1cd8828a56d436437352eeb224286b3e6a776d596e0e3b,I,results,source,frozen scientific output
results/validation_heasoft/heasoft_product_audit.csv,162809,ffeb9af131ab88974e49ac585881a2551731f66653ec58850de54faea0404bff,I,results,source,frozen scientific output
results/validation_heasoft/matching_residual_imbalance.csv,488,59980419d636307dbe7c750296649a1b0d8895d4bac099df38e9c0633aee0a20,I,results,source,frozen scientific output
results/validation_heasoft/ml_environment.json,345,fca65cfd8aa53d90a47a5484674bcc4dd625a631588f48f2f853be4d7bca5520,I,results,source,frozen scientific output
results/validation_heasoft/primary_vs_validation.csv,24852,b99393e668d26d66a9a21cc7e3f2293aaa81e26f9f9904d806e5c837ef1f8ac9,I,results,source,frozen scientific output
results/validation_heasoft/protocol_freeze.json,199,99879a68d93e107c5a393c58e4984b863f40353c7cc1c43aef6db9ab43862d54,I,results,source,frozen scientific output
results/validation_heasoft/runs/EXPANDED_SOURCE_forest_grouped/source_summary.csv,4844,cc61e90c28da03756c582034989a932c3037def3240d10c27529540d94550d79,I,results,source,frozen scientific output
results/validation_heasoft/runs/EXPANDED_SOURCE_forest_loso/source_summary.csv,4908,3334d743ac656ef2677a6241925ec440470298b739c0281723acf100b5ac94a3,I,results,source,frozen scientific output
results/validation_heasoft/runs/EXPANDED_SOURCE_logistic_grouped/source_summary.csv,4924,5cb9f2cdb43f4e11991fe43a364ca254fcc7290ad569d180385f94f7ea05e226,I,results,source,frozen scientific output
results/validation_heasoft/runs/EXPANDED_SOURCE_logistic_loso/source_summary.csv,4922,3dddcc6addd6b0bb44fa0bed07b7ff8ea311d6641b69511f1fd3a938fbf480a0,I,results,source,frozen scientific output
results/validation_heasoft/runs/HEASOFT_MATCHED_forest_grouped/source_summary.csv,4617,e708a3469d1910d4e58a37442864feaa8f111b2c27607acb449c1effa21d9b81,I,results,source,frozen scientific output
results/validation_heasoft/runs/HEASOFT_MATCHED_forest_loso/source_summary.csv,4623,7321bfc7d96445da435455f175bb4ca204388beac49d42f0917709e765f10afe,I,results,source,frozen scientific output
results/validation_heasoft/runs/HEASOFT_MATCHED_logistic_grouped/source_summary.csv,4615,fe73b0463e9a3604fc5b73b1183f56e3d6ab66f7040e8fc4c2efa22f8d41155b,I,results,source,frozen scientific output
results/validation_heasoft/runs/HEASOFT_MATCHED_logistic_loso/source_summary.csv,4666,015c81a8f336f81d4b5aff87e5565c70bf2ac071c1024e7c7cad9a9dc9eca189,I,results,source,frozen scientific output
results/validation_heasoft/runs/HEASOFT_VALIDATION_forest_grouped/source_summary.csv,4598,6ca7860032cf4d2d6c3c17a80aa357845a87c86d9234eef3d08729223017176f,I,results,source,frozen scientific output
results/validation_heasoft/runs/HEASOFT_VALIDATION_forest_loso/source_summary.csv,4611,96b352450bb301bee12b5aaaaefc13259a99519a34fbd66f5344927ad6eca9c5,I,results,source,frozen scientific output
results/validation_heasoft/runs/HEASOFT_VALIDATION_logistic_grouped/source_summary.csv,4589,41dca044e10aee5fb0892dc5571eaf1cc2a4993fe4aed153dcc05539de852222,I,results,source,frozen scientific output
results/validation_heasoft/runs/HEASOFT_VALIDATION_logistic_loso/source_summary.csv,4623,3b6837ffdd16643707cfeeb706aa9f0ec8126736719a04f46ac260722bacad31,I,results,source,frozen scientific output
results/validation_heasoft/runs/PRIMARY_SAME_OBSIDS_forest_grouped/source_summary.csv,4583,f262773634eb460d3f00e47082634628faac2e0d1802bf758c5182c599a71748,I,results,source,frozen scientific output
results/validation_heasoft/runs/PRIMARY_SAME_OBSIDS_forest_loso/source_summary.csv,4611,18966752f760601b5705388270694a2bddf4f8bf56be52d3bb38711c4676187b,I,results,source,frozen scientific output
results/validation_heasoft/runs/PRIMARY_SAME_OBSIDS_logistic_grouped/source_summary.csv,4608,ec1db06966875fa14a313eaa82fd6673cdbf81c02de6878e559b906f0e16dc8c,I,results,source,frozen scientific output
results/validation_heasoft/runs/PRIMARY_SAME_OBSIDS_logistic_loso/source_summary.csv,4612,2f6f7bc07be7e31cd04f5729358b4fa973ca857662cc295d18ac22bed8c47b41,I,results,source,frozen scientific output
results/validation_heasoft/software_environment.json,2469,60ebf78e13340d953afe4deb865924d6f3b6a4e3bde803dcaf19c3d87fd0f879,I,results,source,frozen scientific output
results/validation_heasoft/source_randomization_results.csv,3421,9ef591334eb3d362878f872c75b642ebd67970c59caca10d840d55c32d1dc4ab,I,results,source,frozen scientific output
results/validation_heasoft/tables/validation_table_1_cohorts.csv,296,9263a68198d8059013bcdfcbc6a356e9f74dee46e6ceb77e59229f37c07ed80c,I,results,source,frozen scientific output
results/validation_heasoft/tables/validation_table_2_performance.csv,6665,c6ab4a96aa85cb61e7c21d065080bb3deba0adaf4bb901c30a2fe7d15207b83c,I,results,source,frozen scientific output
results/validation_heasoft/tables/validation_table_3_confounders.csv,1337,e5b398094d347efeb2040295f01ada41ece2c6309b5e706fcb2c0624eaeb3c59,I,results,source,frozen scientific output
results/validation_heasoft/tables/validation_table_4_metadata.csv,508,054cb99c0d713c9647b7b8047669488644bde9ca565b525304bf21f176690878,I,results,source,frozen scientific output
results/validation_heasoft/tables/validation_table_5_failures.csv,1103,3c9b5264bae28e9e74a60364c77b6b3841132140cd0cc66eecbaa263633f7bc9,I,results,source,frozen scientific output
scripts/acquire_rxte_products.py,4007,fb4728052b2b0e03325932b19c0b0db441dcdb2fab9d6218e503ddd499f48a47,I,scripts,source,reproduction or release tooling
scripts/acquire_validation_raw.py,4934,47afb267f12e2cdec51979f9f0e8670e2426d8e71155e65744ee4efd4fac132d,I,scripts,source,reproduction or release tooling
scripts/analyze_validation_failures.py,5374,edb68cbd047556cefe49a7796852ad4c6eaa3d580659f70a6f080d7f10a3011c,I,scripts,source,reproduction or release tooling
scripts/assemble_heasoft_validation.py,4814,da5f6f00e06647643d34b50f99bb3ee8d256bb387dbd3641e23ed60203fa26b1,I,scripts,source,reproduction or release tooling
scripts/audit_heasoft_products.py,5555,11df6b8d445f4a4554294f1a94a64140f2e6f32da5568c7cb2bdf5a67daac20f,I,scripts,source,reproduction or release tooling
scripts/audit_instrument_metadata.py,2383,ba54da1d355f29745a8ae290eee45d8c262a0407ec25056c77aa99dc5c7fb7b9,I,scripts,source,reproduction or release tooling
scripts/audit_state_extension.py,6990,bb30b3beee831360e6877d925613b0b1eb476c2e265ade2d0677a37f4ba699a5,I,scripts,source,reproduction or release tooling
scripts/audit_state_validation.py,3229,1fa9aa8913e1f7fe363763b939772bbbffa41e51965b6835edf867812a43d4e0,I,scripts,source,reproduction or release tooling
scripts/build_rxte_inventory.py,10471,07bbdc891d1ca6e83171df4e7da322e3e0954f2e295220bd41fbd7039deba04c,I,scripts,source,reproduction or release tooling
scripts/build_state_catalogue.py,12833,c26cdcb34633221acdd0430f5d3f2885254d8d4f1dbf52d30bd2ae80e6d4c9a8,I,scripts,source,reproduction or release tooling
scripts/build_state_extension.py,27188,0d837bea15c7a48a9affd3670cf5892d52fd3d6cef6dfc481ae3f8ca049b4047,I,scripts,source,reproduction or release tooling
scripts/download_recorded_products.py,2396,39626aff5a343a7836559dbc41499de0747af58560d5291295d37bb94c72aa24,shared,scripts,generated_or_adapted,reproduction or release tooling
scripts/prepare_state_extension.py,5828,926bd76507e825f69e425b0f3d3803f2d4a242ba19deb0fa5392a7b2d2810686,I,scripts,source,reproduction or release tooling
scripts/prepare_state_validation.py,19783,915ebb2871806b1ad9ed39c43b8624d75f270a25380b5d50591ea5163fb40275,I,scripts,source,reproduction or release tooling
scripts/reconstruct_rxte_cohort.py,8792,866fcbd7a2567c65506b2e102ca2e692b4fd1356df15b178534a2399782448bc,I,scripts,source,reproduction or release tooling
scripts/reduce_validation_heasoft.py,9348,0169bb70d7e4023ec516b84e416f8972f02e0b307f82e14968f615b3e597910d,I,scripts,source,reproduction or release tooling
scripts/release_support.py,1837,aabdaf399d894635015b43986f6d8a68c08991022518dac1e562c91456565ec8,shared,scripts,generated_or_adapted,reproduction or release tooling
scripts/render_journal_figures.py,8342,d21c87df34d4939f57a8585e5d617f8e98a18b7c2fa1ea6cb098e1b81a08944a,I,scripts,generated_or_adapted,reproduction or release tooling
scripts/render_scientific_results.py,11540,56443deefe08e1e083f0a322f6afd1aadc82b71061bad9817819ccaf1fb44481,I,scripts,generated_or_adapted,reproduction or release tooling
scripts/reproduce_tables.py,2114,ab9b38f11080f6f53ebb70db172d1c6e8b6904ff096d6d50f9204d02434fe70c,shared,scripts,generated_or_adapted,reproduction or release tooling
scripts/run_core_experiments.py,13414,f86a5489073d82b81fec1343d9fae7248c49c3288f22685265bcfac4455e6bb0,I,scripts,source,reproduction or release tooling
scripts/run_heasoft_validation_models.py,6994,048c44091a762d5f2729fe1d9cc02d73462b906885999064388a05325d8a2249,I,scripts,source,reproduction or release tooling
scripts/run_instrument_diagnostics.py,3587,c5eee4b906047effe3d73f2c0637beca9258e40035c99f71be973495b044d8be,I,scripts,source,reproduction or release tooling
scripts/run_state_validation.py,1501,5af184838d55e64cd37fd351c1293afe47947ea954493e1ba78eeef994de3240,I,scripts,source,reproduction or release tooling
scripts/search_validation_bh.py,3936,770eb068de4c59a6470ae5e8ab09d3597062057178f2be791ea402e42fd52bc1,I,scripts,source,reproduction or release tooling
scripts/setup_validation_caldb.py,1959,67bd65843dbb5b16c594509704b9ae4852e9147acf654f00762dfe29851fcc3f,I,scripts,generated_or_adapted,reproduction or release tooling
scripts/setup_validation_heasoft.sh,508,10f69debd3cf32d12c0374eccee3f35343403fe74cec07c7661520ad00bab299,I,scripts,generated_or_adapted,reproduction or release tooling
scripts/sync_core_manifests.py,6354,fdf73f24cc4e01f3ed98af909da7197815da049e83f948f2bf0764908ea02e34,I,scripts,source,reproduction or release tooling
scripts/update_release_manifest.py,1123,704d58ec06f05bff1b43cd4f3c588a8b0a6d88fbcee82f3898d167304c320995,shared,scripts,generated_or_adapted,reproduction or release tooling
scripts/validation_compat/zcat,201,79533ae2d6478efc61efd6b01e2b9c3b90325de6e01d36e4619dbd23348472fe,I,scripts,source,reproduction or release tooling
scripts/validation_heasoft_env.sh,679,e85d27cf8b66bb179b35d578e73cebd07c532f5facd501dbb2d5343349318244,I,scripts,generated_or_adapted,reproduction or release tooling
scripts/verify_release.py,3227,2fd580ae5984247f705eae72572a57fcf82241ed1ead71e9eea066711f75614b,shared,scripts,generated_or_adapted,reproduction or release tooling
src/bhns/__init__.py,88,980b0922e742881ff1e32d764cc393ff84c1116d25189139d231ac6dc13e825b,I,src,source,analysis implementation
src/bhns/analysis/__init__.py,37,3004e4ed47daab2e8f1bb52f9df293a2d4b6494bfc329dabb461a9ad675ea665,I,src,source,analysis implementation
src/bhns/analysis/difficult_sources.py,135,374481f5fb884f7ccebebd67fe4182d8bb7874201637a1bc06bf36d34e127c49,I,src,source,analysis implementation
src/bhns/analysis/physical_features.py,142,9bdce1448acdf8300a67407b203118e815ae0b995816012c89dc8b5f79a45a21,I,src,source,analysis implementation
src/bhns/cli.py,9188,e460330b89f835cf5daf8f9ed21fe7be396b1d56033ce4dd91093ea920fab33e,I,src,source,analysis implementation
src/bhns/config.py,2330,6426ab153c270239b0bb0ed6e527c088a2bbf5a8653e9f86329b957ed7c4b555,I,src,source,analysis implementation
src/bhns/constants.py,717,1a50d4a339be512df6cff124906f79c59131ada3d445587ec31c3c4a775f21a0,I,src,source,analysis implementation
src/bhns/data/__init__.py,33,cced1cf531a972a5e1bc73ba09dd3a3a4441012cb1cc466ebf56fbb9f94819bb,I,src,source,analysis implementation
src/bhns/data/acquisition.py,1943,21dc86e15342064f9a586d5435352bd7f11f5155edf992375d24d3fee98672bb,I,src,source,analysis implementation
src/bhns/data/aliases.py,4303,6b041375d2cda33dcb73126111087632ed20154fe8c4f3f1a35333f7c54b1b7f,I,src,source,analysis implementation
src/bhns/data/cohort.py,14339,280c56e48bad6283b86efc175730e7cc44a7685d90f47f04189efd9bc9a60f3b,I,src,source,analysis implementation
src/bhns/data/core_gate.py,8887,c360e874cd324225b98c5008a3efe96d1b3993c8f11c910bbf5e55c9e37624de,I,src,source,analysis implementation
src/bhns/data/core_review.py,2375,0878289ee2bd358d8228eb36f13b1efcef06e7a7b578c7e213845da43455e2de,I,src,source,analysis implementation
src/bhns/data/gate1.py,9636,1171ec25aa16315c7ca043abd4c824ccc49becb9a0af10554dba4351c5ddc682,I,src,source,analysis implementation
src/bhns/data/instrument_validation.py,8949,eed1bad2b985092de23d6c5127c15493536e2e74929807ed76c246c868205226,I,src,source,analysis implementation
src/bhns/data/loaders.py,1681,b84c9db405f5bd37e1713a1b5d819cf2d37b5601c7925f16deffd9edb2085ba0,I,src,source,analysis implementation
src/bhns/data/preprocessing.py,3416,578674bc1a43ff217d733b8c9b2469e886fc73ca311ae62b53cc68ead7b3ba31,I,src,source,analysis implementation
src/bhns/data/provenance.py,1903,73b1e293fc9cbcaac7896a434606c9d02c167153fcd9ee768894352c0235f24a,I,src,source,analysis implementation
src/bhns/data/real_data_review.py,6780,dcd29298a070e6ee1b191e58310d46b07da9bd0f5aaa75bccad337a0f06c807c,I,src,source,analysis implementation
src/bhns/data/rxte_products.py,12969,60a19deafad46e8d746d0b4aafc09a504e29bf5a174831ff141e543bdf525636,I,src,source,analysis implementation
src/bhns/data/schema.py,825,5592fae590b64c4a1b2fab98971065a49b8bf09581d5538f77699047e13fbfde,I,src,source,analysis implementation
src/bhns/data/source_manifest.py,2935,9ee613e1111f81f3e39240b999656d413e4977184f23a67b61524ca7646e2b9a,I,src,source,analysis implementation
src/bhns/data/spectral_products.py,5057,d7f4f5559d2f17897f29060134eac79cbb0807a6ab9fd138522f9d8ea31d464c,I,src,source,analysis implementation
src/bhns/data/state_extension.py,7738,de0cc45f67668cbf44b5f0b35cc45fa952cdd85b9c514adb898dd7c1a88ab7d5,I,src,source,analysis implementation
src/bhns/data/state_validation.py,6824,dc08e6299297557fe1492c980a166dc287d0b8ba88e445a708ddcd9f0934db89,I,src,source,analysis implementation
src/bhns/data/validation.py,4938,76bc231a9fc05e3136a5edbbbd84810871571a6c1a4b9f0a07c238a51d0eccf2,I,src,source,analysis implementation
src/bhns/evaluation/__init__.py,39,fc319ec01f2369fbe8f15537cc6c29440802a6c4f303ca1379a16d28bff1cb02,I,src,source,analysis implementation
src/bhns/evaluation/aggregation.py,1355,191dd92e868f0780b6970efebf0df36e734044761ae0ae39131bbeb2de40a1ff,I,src,source,analysis implementation
src/bhns/evaluation/bootstrap.py,1499,8a839646953e751dab31003492d6a79a917c49791f4cb1e1a561f2eb450bf932,I,src,source,analysis implementation
src/bhns/evaluation/grouped_cv.py,1660,49672618bf1eb655ddb8323154182935430ac306c5e5ebc163ed28631bd0104e,I,src,source,analysis implementation
src/bhns/evaluation/loso.py,689,63313d862af4034bbe00d894b4b26260f83afe5f63e79b68b65dd9aee29b07ef,I,src,source,analysis implementation
src/bhns/evaluation/metrics.py,1132,08c4a820ed4c6100d8a1c95f29c29f42397db25069a6b18fc5b9f7ef1a3a462b,I,src,source,analysis implementation
src/bhns/evaluation/observation_split.py,861,0ea98264e034ce6118059dc362538ebab369884007a86e8915d3abf3d812f5b9,I,src,source,analysis implementation
src/bhns/evaluation/splits.py,6867,3146592689c8e0cc55d7d028a886905f0bd69b410eeb7ba5a8181ee9829cd3df,I,src,source,analysis implementation
src/bhns/experiments/__init__.py,40,c6d8e4e0757a382b3e12794c2255c9cc6c4bb19536c40eb663cd0e7a44a05c6f,I,src,source,analysis implementation
src/bhns/experiments/core.py,6961,98931f423348bb9fcd5df613e22fc0c53b9197d642f2eb3ec140b3c3de21e03a,I,src,source,analysis implementation
src/bhns/experiments/few_observation.py,139,87520b1b783a22da03636722acaa9afa5d3001cb441e31e877da7e7c745efb67,I,src,source,analysis implementation
src/bhns/experiments/instrument_validation.py,4877,ae191000fc84297445e6505486bab601f41af3560c1cc17e1abc06020ecc6193,I,src,source,analysis implementation
src/bhns/experiments/learning_curves.py,148,40f996dd46ff4e1f5ba93cce3a52ec4a445d31904696c46b3320b84b7b1c2809,I,src,source,analysis implementation
src/bhns/experiments/source_balancing.py,467,63dc1db7ce0d31d6cae8c79279b491fb603cdff67e0f2f967eea02677061d5fa,I,src,source,analysis implementation
src/bhns/experiments/source_identity.py,163,6c70be6dc42ce7f907842babf897c86ed0a703f5b4ce0116d79e94ef4b8751d2,I,src,source,analysis implementation
src/bhns/experiments/source_permutation.py,1114,b48b1cb0ae351077940e83dd79198362b9f2cc7a08acc021a74beec9895d1fac,I,src,source,analysis implementation
src/bhns/experiments/state_validation.py,4680,e6b389b9c2af74f1405e0109c880c5693871053578ba843d48e5784a6ffcea98,I,src,source,analysis implementation
src/bhns/gates.py,323,9cab753de01342a595fe0fbe94b87a5905a2184b1043deb93ca2d7f41924e977,I,src,source,analysis implementation
src/bhns/models/__init__.py,35,a852db36a99a22c7b996eb508571a84b4ca8ed85e6036e47e028d13346e5969f,I,src,source,analysis implementation
src/bhns/models/pm.py,166,8edfa843461320f2bce06228d597deffdfba227e67939d61ffad88b40bce3fef,I,src,source,analysis implementation
src/bhns/models/random_forest.py,122,f0cddfd056560a82f222c6265e5dd8e008063e53763a458f3440ff67c58f89b2,I,src,source,analysis implementation
src/bhns/models/sem.py,164,33725451a658a8ad158160a77978257d8bd553c3cff4534f024598e4006b6c33,I,src,source,analysis implementation
src/bhns/models/sm.py,147,d49b507769cfd6bd15ace8db6705fa0be2b311bcebe2487301e55965b41f63d5,I,src,source,analysis implementation
src/bhns/reproducibility.py,6341,b12d412ac81b54f19159e80693c28c546f0a53822666b5f8e6cabaa1c79a6429,I,src,source,analysis implementation
tests/conftest.py,1493,431cb7b2c8fd936ba293f40a30cc7f80fc4804844c2034f99f00c48f6d838124,I,tests,source,software/scientific integrity contract
tests/test_core_experiments.py,4013,93cb483526cd8bd06838d4bc146be418e1c87089639d01e39cdcfe33ab0ec3a8,I,tests,source,software/scientific integrity contract
tests/test_data_gate.py,4048,33492378f3375227c5386a23e3a7ed66c624beacfffd8a1af533fdb0393fd873,I,tests,source,software/scientific integrity contract
tests/test_evidence_acquisition.py,1754,5856a6f5a8a3f37b48f5566bda4c6d82e50f8205b6f7fded50713f41829c2498,I,tests,source,software/scientific integrity contract
tests/test_feature_family_review.py,1762,ecd526504542eb7eee2de794de67a765daa17e25b73fcf635d7fa450013835f8,I,tests,source,software/scientific integrity contract
tests/test_instrument_validation.py,8513,33471406d7c361a9f7c00b35b46060ea9d5a1d5516cd23a896b6e546b806a5eb,I,tests,generated_or_adapted,software/scientific integrity contract
tests/test_no_source_leakage.py,4891,05addc7999312f0e6f1e40450c1af387b737c1350f3977f49c845ecc423f6d07,I,tests,source,software/scientific integrity contract
tests/test_permutation_labels.py,976,b26de328f7e45d134ca270ed136b9c2f79dbc55b17ace5d4dddd0bd4b51a2e61,I,tests,source,software/scientific integrity contract
tests/test_preprocessing_leakage.py,4145,f7e712726e21d7acfa7c958eaf5deacd5349865111cae90ad7d11329681b60c2,I,tests,source,software/scientific integrity contract
tests/test_release.py,3191,69f117749b89c4795a7b53d5ac9defe855c6d732d7fbf212edd6a6e0ba43784d,shared,tests,generated_or_adapted,software/scientific integrity contract
tests/test_reproducibility.py,4446,ce1d884988d8272d1cde41e362f7ba09fe4941b87bbc49a839fd7fa161b90305,I,tests,source,software/scientific integrity contract
tests/test_rxte_reconstruction.py,4597,c3f9f707694d56979f334d32de77d2154107f1e6901ae792fb3b60a29d1f9d26,I,tests,source,software/scientific integrity contract
tests/test_schema.py,3400,b483c70dc66bdacb38012d63f8ac1b3b4d6edf021760991d6d35cefe98699d4f,I,tests,source,software/scientific integrity contract
tests/test_scientific_intake.py,16712,8a85193cd90fc7b69942a5a076db92787dfed197047d2869676beb8aeb2518c2,I,tests,source,software/scientific integrity contract
tests/test_source_groups.py,2396,bc6217543d82d901f2ef5b3b6a3f3b3189a4ea49dfff8b83cd1b63680668cb86,I,tests,source,software/scientific integrity contract
tests/test_source_weights.py,598,b094b868806a720be22eca61720bcd6aea102ecb6ea041580877058001e4b6b1,I,tests,source,software/scientific integrity contract
