canonical_source,aliases,class_label,classification_evidence,classification_reference,nustar_obsids,rxte_available,current_phase1_membership,identity_status,usable_status,notes,source_id,ra_deg,dec_deg,coordinate_reference,secure_label,field_review_required,public_candidate_observations
4U 1543-475,4U1543-47|4U 1543-475|4U_1543m475,BH,BlackCAT dynamical sample (Table 4); coordinates and counterpart designation from CDS Table A.1. Conservative secure-BH subset.,https://arxiv.org/abs/1510.08869,80701319002|80702317002|90702326002|90702326004|90702326008,VERIFIED_PHASE1_PRODUCTS,True,VERIFIED_NAME_POSITION,PUBLIC_CANDIDATE_REDUCTION_REQUIRED,Inherited secure evidence; NuSTAR identity independently audited.,4u_1543_475,236.78466666666665,-47.669666666666664,https://arxiv.org/abs/1510.08869,True,False,5
Cyg X-1,Cyg X-1|Cyg X1|Cygnus X-1|HD 226868|Cygnus_X1,BH,Dynamical mass 21.2 +/- 2.2 Msun (Miller-Jones et al. 2021).,https://arxiv.org/abs/2102.09091,10002003001|30001011003|30001011005|30001011007|30001011009|30001011011|30002150002|30002150004|30002150006|30002150008|30101022002|30202032002|30302019002|30302019004|30302019006|30302019008|30302019010|30302019012|30702017002|30702017004|30702017006|80502335002|80502335004|80502335006|80902318002|80902318004|80902318006|90101019002|90101020002|90802013002|90802013004|91201326002,NOT_AUDITED,False,VERIFIED_NAME_POSITION,PUBLIC_CANDIDATE_REDUCTION_REQUIRED,Primary dynamical paper verified independently of NuSTAR spectra; source beyond Phase I.,cyg_x_1,299.59031556498,35.20160680908,SIMBAD TAP identity/astrometry snapshot new_bh_astrometry.csv,True,False,32
GRO J1655-40,GRO J1655-40|GROJ1655-40|GRO_J1655m40,BH,Secure dynamical BH; BlackCAT Table A.4 independently retains mass 6.0 +/-0.4 Msun; missing astrometry in adopted primary Table A.1 is resolved separately here.,https://www.nature.com/articles/378157a0,,VERIFIED_PHASE1_PRODUCTS,True,MATCHED_NOT_ELIGIBLE,NOT_IN_INITIAL_PROCESSING_CENSUS,Inherited secure evidence; NuSTAR identity independently audited.,gro_j1655_40,253.50058333333328,-39.84580555555556,https://www.nature.com/articles/378157a0,True,False,0
GRS 1009-45,GRS 1009-45|N.  Vel 93,BH,BlackCAT Table A.4 dynamical evidence; M1=>~ 4.4 Msun; references Filippenko1999;Shahbaz1996. Conservative dynamical inclusion.,https://arxiv.org/abs/1510.08869,,NOT_AUDITED,False,NO_VERIFIED_PUBLIC_POINTING,NOT_IN_INITIAL_PROCESSING_CENSUS,Broader dynamical-catalogue discovery outside the Phase-I roster.,grs_1009_45,153.39833333333334,-45.07646666666667,CDS J/A+A/587/A61 Table A.1,True,False,0
GRS 1124-684,GRS 1124-684|N.  Mus 91,BH,BlackCAT Table A.4 dynamical evidence; M1= 3.8 Msun; references Orosz1996;Shahbaz1997;Gelino2001a;Gelino2001;Casares1997. Conservative dynamical inclusion.,https://arxiv.org/abs/1510.08869,,NOT_AUDITED,False,NO_VERIFIED_PUBLIC_POINTING,NOT_IN_INITIAL_PROCESSING_CENSUS,Broader dynamical-catalogue discovery outside the Phase-I roster.,grs_1124_684,171.61104166666667,-68.67578611111112,CDS J/A+A/587/A61 Table A.1,True,False,0
GRS 1915+105,GRS 1915+105|GRS1915+105|GRS1915p105|GRS_1915p105,BH,Dynamical mass from donor spectroscopy; independent position in existing CDS BlackCAT Table A.1; new validation source outside reference subset.,https://arxiv.org/abs/1304.1808,10002004001|10102003002|30102037002|30102037004|30202033002|30202033004|30302018002|30302018004|30302020002|30302020004|30302020006|30302020008|30502008002|30502008004|30502008006|30602008002|30602008004|30802017004|31101004002|80401312002|90001001002|90201053002|90202045002|90202045004|90301001002|90501321002|90501346002|90701323002|90701332002,VERIFIED_PHASE1_PRODUCTS,True,VERIFIED_NAME_POSITION,PUBLIC_CANDIDATE_REDUCTION_REQUIRED,Inherited secure evidence; NuSTAR identity independently audited.,grs_1915_105,288.798125,10.945777777777778,https://arxiv.org/abs/1304.1808,True,False,29
GS 1354-64,GS1354-64|GS 1354-64|GS_1354-644|X1354-644|BW Cir|GS_1354m64,BH,BlackCAT dynamical sample (Table 4); coordinates and counterpart designation from CDS Table A.1. Conservative secure-BH subset. Archive designation reviewed against primary literature and independent catalog position; see reconstruction/alias_evidence.csv.,https://arxiv.org/abs/1510.08869,91201302003|91202311002|91202311006|91202311014,VERIFIED_PHASE1_PRODUCTS,True,VERIFIED_NAME_POSITION,PUBLIC_CANDIDATE_REDUCTION_REQUIRED,Inherited secure evidence; NuSTAR identity independently audited.,gs_1354_64,209.54041666666663,-64.73494444444445,https://arxiv.org/abs/1510.08869,True,False,4
GS 2000+251,GS 2000+251|QZ Vul,BH,BlackCAT Table A.4 dynamical evidence; M1= 5.5 Msun; references Charles1991;Casares1995a;Harlaftis1996;Ioannou2004. Conservative dynamical inclusion.,https://arxiv.org/abs/1510.08869,,NOT_AUDITED,False,NO_VERIFIED_PUBLIC_POINTING,NOT_IN_INITIAL_PROCESSING_CENSUS,Broader dynamical-catalogue discovery outside the Phase-I roster.,gs_2000_251,300.7061666666667,25.23648888888889,CDS J/A+A/587/A61 Table A.1,True,False,0
GX 339-4,GX339-4|GX 339-4|1H 1659-487|GX339_4|GX339m4|GX_339m4,BH,BlackCAT dynamical sample (Table 4); coordinates and counterpart designation from CDS Table A.1. Conservative secure-BH subset.,https://arxiv.org/abs/1510.08869,80001013002|80001013004|80001013006|80001013007|80001013008|80001013010|80001015003|80102011002|80102011003|80102011004|80102011006|80102011008|80102011010|80102011012|80302304002|80302304004|80302304005|80302304007|80502325002|80502325004|80502325006|80502325008|80601302004|80601302006|80802320002|81160302004|81160302006|90401369002|90502356004,VERIFIED_PHASE1_PRODUCTS,True,VERIFIED_NAME_POSITION,PUBLIC_CANDIDATE_REDUCTION_REQUIRED,Inherited secure evidence; NuSTAR identity independently audited.,gx_339_4,255.70583333333337,-48.789833333333334,https://arxiv.org/abs/1510.08869,True,False,29
H 1705-250,H 1705-250|N.  Oph 77,BH,BlackCAT Table A.4 dynamical evidence; M1= 4.9 Msun; references Remillard1996;Filippenko1997;Harlaftis1997;Martin1995. Conservative dynamical inclusion.,https://arxiv.org/abs/1510.08869,,NOT_AUDITED,False,NO_VERIFIED_PUBLIC_POINTING,NOT_IN_INITIAL_PROCESSING_CENSUS,Broader dynamical-catalogue discovery outside the Phase-I roster.,h_1705_250,257.06466666666665,-25.091708333333333,CDS J/A+A/587/A61 Table A.1,True,False,0
LMC X-1,LMC X-1|LMC X1,BH,Dynamical mass 10.91 +/- 1.41 Msun (Orosz et al. 2009).,https://arxiv.org/abs/0810.3447,30001143002|30201029001|30201029002|90801324002,NOT_AUDITED,False,VERIFIED_NAME_POSITION,PUBLIC_CANDIDATE_REDUCTION_REQUIRED,Primary dynamical paper verified independently of NuSTAR spectra; source beyond Phase I.,lmc_x_1,84.91178512686,-69.74320320934,SIMBAD TAP identity/astrometry snapshot new_bh_astrometry.csv,True,False,4
LMC X-3,LMC X-3|LMC X3,BH,Dynamical mass 6.98 +/- 0.56 Msun (Orosz et al. 2014).,https://arxiv.org/abs/1402.0085,10601308001|10601308002|10601308003|10601308004|30101052002|30402035002|30402035004|30402035006|30402035007|30402035008|30802016002|30802016004|30802016006|30802016008|30902041002|30902041003|30902041004|30902041005|30902041006|31002032001|31002032002|31002032004|31002032006,NOT_AUDITED,False,VERIFIED_NAME_POSITION,PILOT_CLEAN_EVENTS_PRODUCTS_PENDING_NOT_QUALITY_ACCEPTED,Primary dynamical paper verified independently of NuSTAR spectra; source beyond Phase I.,lmc_x_3,84.73596816896,-64.08425498264,SIMBAD TAP identity/astrometry snapshot new_bh_astrometry.csv,True,False,23
MAXI J1820+070,MAXI J1820+070|ASASSN-18ey|MAXI_J1820p070,BH,Donor radial-velocity mass function 5.18 +/- 0.15 Msun (Torres et al. 2019).,https://arxiv.org/abs/1907.00938,90401309002|90401309004|90401309006|90401309008|90401309010|90401309012|90401309013|90401309014|90401309016|90401309018|90401309019|90401309021|90401309025|90401309026|90401309027|90401309029|90401309031|90401309033|90401309035|90401309037|90401309039|90401324002|90501311002|90501320002|90501337002|90501337004,NOT_AUDITED,False,VERIFIED_NAME_POSITION,PUBLIC_CANDIDATE_REDUCTION_REQUIRED,Primary dynamical paper verified independently of NuSTAR spectra; source beyond Phase I.,maxi_j1820_070,275.09142659019994,7.1853569054,SIMBAD TAP identity/astrometry snapshot new_bh_astrometry.csv,True,False,26
V404 Cyg,V404 Cyg|V404CYG|GS2023+338|GS 2023+338,BH,"Dynamically confirmed BH, 6.08 Msun mass function; position and aliases in BlackCAT. RXTE mission preceded 2015 outburst; no assumption that quiescent spectra pass rate cut.",https://academic.oup.com/mnras/article/394/3/1440/1069184,30001010003|30001010005|90102007002|90102007003|90102007005|90102007009|90102007011|90102007013|90102007015,VERIFIED_ARCHIVE_INVENTORY,False,VERIFIED_NAME_POSITION,PUBLIC_CANDIDATE_REDUCTION_REQUIRED,Inherited secure evidence; NuSTAR identity independently audited.,v404_cyg,306.0159166666666,33.86719444444444,https://academic.oup.com/mnras/article/394/3/1440/1069184,True,False,9
V4641 Sgr,SAXJ1819.3-2525|V4641 Sgr|SAX J1819.3-2525,BH,BlackCAT dynamical sample (Table 4); coordinates and counterpart designation from CDS Table A.1. Conservative secure-BH subset.,https://arxiv.org/abs/1510.08869,80002012004|90102011002,VERIFIED_PHASE1_PRODUCTS,True,VERIFIED_NAME_POSITION,PUBLIC_CANDIDATE_REDUCTION_REQUIRED,Inherited secure evidence; NuSTAR identity independently audited.,v4641_sgr,274.8399166666666,-25.406972222222223,https://arxiv.org/abs/1510.08869,True,False,2
XTE J1118+480,XTEJ1118+480|XTE J1118+480,BH,BlackCAT dynamical sample (Table 4); coordinates and counterpart designation from CDS Table A.1. Conservative secure-BH subset.,https://arxiv.org/abs/1510.08869,,VERIFIED_PHASE1_PRODUCTS,True,NO_VERIFIED_PUBLIC_POINTING,NOT_IN_INITIAL_PROCESSING_CENSUS,Inherited secure evidence; NuSTAR identity independently audited.,xte_j1118_480,169.54495833333334,48.03678333333333,https://arxiv.org/abs/1510.08869,True,False,0
XTE J1550-564,XTEJ1550-564|XTE J1550-564,BH,BlackCAT dynamical sample (Table 4); coordinates and counterpart designation from CDS Table A.1. Conservative secure-BH subset.,https://arxiv.org/abs/1510.08869,,VERIFIED_PHASE1_PRODUCTS,True,NO_VERIFIED_PUBLIC_POINTING,NOT_IN_INITIAL_PROCESSING_CENSUS,Inherited secure evidence; NuSTAR identity independently audited.,xte_j1550_564,237.74458333333337,-56.476444444444446,https://arxiv.org/abs/1510.08869,True,False,0
XTE J1859+226,XTEJ1859+226|XTE J1859+226|XTE_J1859p226,BH,BlackCAT dynamical sample (Table 4); coordinates and counterpart designation from CDS Table A.1. Conservative secure-BH subset.,https://arxiv.org/abs/1510.08869,90701305002,VERIFIED_PHASE1_PRODUCTS,True,VERIFIED_NAME_POSITION,PUBLIC_CANDIDATE_REDUCTION_REQUIRED,Inherited secure evidence; NuSTAR identity independently audited.,xte_j1859_226,284.67325,22.658166666666663,https://arxiv.org/abs/1510.08869,True,False,1
1A 1742-289,1A 1742-289,NS,MINBAR direct evidence: 3 catalogue bursts; type=TBR; P denotes pulsar. Secure neutron-star evidence.,https://burst.sci.monash.edu/sources | https://ui.adsabs.harvard.edu/abs/1976MNRAS.177P..83L,,NOT_AUDITED,False,NO_VERIFIED_PUBLIC_POINTING,NOT_IN_INITIAL_PROCESSING_CENSUS,Broader MINBAR census outside Phase I.,1a_1742_289,266.40494,-29.01796,https://burst.sci.monash.edu/sources,True,False,0
1A 1742-294,1A 1742-294,NS,MINBAR direct evidence: 794 catalogue bursts; type=B; P denotes pulsar. Secure neutron-star evidence.,https://burst.sci.monash.edu/sources | https://ui.adsabs.harvard.edu/abs/1976MNRAS.177P..83L,,NOT_AUDITED,False,NO_VERIFIED_PUBLIC_POINTING,NOT_IN_INITIAL_PROCESSING_CENSUS,Broader MINBAR census outside Phase I.,1a_1742_294,266.52167,-29.514805,https://burst.sci.monash.edu/sources,True,False,0
1A 1744-361,1A1744-361|1A 1744-361|A1744-361|A1744-36|X1744-361|1A_1744m361,NS,"MINBAR source catalog: type TA?BDR, 4 cataloged bursts. Type P independently identifies a pulsar. Explicit designation variant where listed. Archive designation reviewed against primary literature and independent catalog position; see reconstruction/alias_evidence.csv.",https://burst.sci.monash.edu/sources,90801312001,VERIFIED_PHASE1_PRODUCTS,True,VERIFIED_NAME_POSITION,PUBLIC_CANDIDATE_REDUCTION_REQUIRED,Inherited secure evidence; NuSTAR identity independently audited.,1a_1744_361,267.05478,-36.132507,https://burst.sci.monash.edu/sources,True,False,1
1RXS J180408.9-342058,1RXS J180408.9-342058|1RXSJ180408d9m342058|1RXS_J180408d9m342058,NS,MINBAR direct evidence: 1 catalogue bursts; type=BT; P denotes pulsar. Secure neutron-star evidence.,https://burst.sci.monash.edu/sources | https://ui.adsabs.harvard.edu/abs/2012ATel.4050....1C,80001040002|80001040004|90101003002,NOT_AUDITED,False,VERIFIED_NAME_POSITION,PUBLIC_CANDIDATE_REDUCTION_REQUIRED,Broader MINBAR census outside Phase I.,1rxs_j180408_9_342058,271.03488,-34.347607,https://burst.sci.monash.edu/sources,True,False,3
2S 0918-549,2S 0918-549,NS,MINBAR direct evidence: 7 catalogue bursts; type=BC; P denotes pulsar. Secure neutron-star evidence.,https://burst.sci.monash.edu/sources | https://ui.adsabs.harvard.edu/abs/2001ApJ...553..335J,,NOT_AUDITED,False,NO_VERIFIED_PUBLIC_POINTING,NOT_IN_INITIAL_PROCESSING_CENSUS,Broader MINBAR census outside Phase I.,2s_0918_549,140.1103,-55.2068,https://burst.sci.monash.edu/sources,True,False,0
2S 1711-339,2S 1711-339,NS,MINBAR direct evidence: 21 catalogue bursts; type=TB; P denotes pulsar. Secure neutron-star evidence.,https://burst.sci.monash.edu/sources | https://ui.adsabs.harvard.edu/abs/2002A&A...392..885C,,NOT_AUDITED,False,NO_VERIFIED_PUBLIC_POINTING,NOT_IN_INITIAL_PROCESSING_CENSUS,Broader MINBAR census outside Phase I.,2s_1711_339,258.58243,-34.04647,https://burst.sci.monash.edu/sources,True,False,0
2S 1803-245,2S 1803-245,NS,MINBAR direct evidence: 3 catalogue bursts; type=TBAR; P denotes pulsar. Secure neutron-star evidence.,https://burst.sci.monash.edu/sources | https://ui.adsabs.harvard.edu/abs/1998IAUC.6867....2M,,NOT_AUDITED,False,NO_VERIFIED_PUBLIC_POINTING,NOT_IN_INITIAL_PROCESSING_CENSUS,Broader MINBAR census outside Phase I.,2s_1803_245,271.71133,-24.591278,https://burst.sci.monash.edu/sources,True,False,0
4U 0513-40,4U 0513-40,NS,MINBAR direct evidence: 35 catalogue bursts; type=BGC; P denotes pulsar. Secure neutron-star evidence.,https://burst.sci.monash.edu/sources | https://ui.adsabs.harvard.edu/abs/1976ApJ...207L.177F,,NOT_AUDITED,False,NO_VERIFIED_PUBLIC_POINTING,NOT_IN_INITIAL_PROCESSING_CENSUS,MINBAR discovery; cluster-marked fields require object-level contamination audit.,4u_0513_40,78.527,-40.04411,https://burst.sci.monash.edu/sources,True,True,0
4U 0614+09,4U0614+091|4U 0614+09|4U_0614p09|4U_0614p091,NS,"MINBAR source catalog: type ABRSC, 2 cataloged bursts. Type P independently identifies a pulsar. Explicit designation variant where listed.",https://burst.sci.monash.edu/sources,30363002002|30702009006|30702009010,VERIFIED_PHASE1_PRODUCTS,True,VERIFIED_NAME_POSITION,PILOT_CLEAN_EVENTS_PRODUCTS_PENDING_NOT_QUALITY_ACCEPTED,Inherited secure evidence; NuSTAR identity independently audited.,4u_0614_09,94.28062,9.137067,https://burst.sci.monash.edu/sources,True,False,3
4U 0836-429,4U 0836-429,NS,MINBAR direct evidence: 82 catalogue bursts; type=BT; P denotes pulsar. Secure neutron-star evidence.,https://burst.sci.monash.edu/sources | https://ui.adsabs.harvard.edu/abs/1990IAUC.5139....1M,,NOT_AUDITED,False,NO_VERIFIED_PUBLIC_POINTING,NOT_IN_INITIAL_PROCESSING_CENSUS,Broader MINBAR census outside Phase I.,4u_0836_429,129.34833,-42.900555,https://burst.sci.monash.edu/sources,True,False,0
4U 1246-588,4U 1246-588,NS,MINBAR direct evidence: 4 catalogue bursts; type=BC; P denotes pulsar. Secure neutron-star evidence.,https://burst.sci.monash.edu/sources | https://ui.adsabs.harvard.edu/abs/1997IAUC.6538....2P,,NOT_AUDITED,False,NO_VERIFIED_PUBLIC_POINTING,NOT_IN_INITIAL_PROCESSING_CENSUS,Broader MINBAR census outside Phase I.,4u_1246_588,192.41402,-59.08741,https://burst.sci.monash.edu/sources,True,False,0
4U 1254-69,4U1254-690|4U 1254-69|4U_1254m69,NS,"MINBAR source catalog: type BDS, 34 cataloged bursts. Type P independently identifies a pulsar. Explicit designation variant where listed.",https://burst.sci.monash.edu/sources,,VERIFIED_PHASE1_PRODUCTS,True,MATCHED_NOT_ELIGIBLE,NOT_IN_INITIAL_PROCESSING_CENSUS,Inherited secure evidence; NuSTAR identity independently audited.,4u_1254_69,194.4048,-69.28917,https://burst.sci.monash.edu/sources,True,False,0
4U 1323-62,4U 1323-62|4U_1323m62,NS,MINBAR direct evidence: 99 catalogue bursts; type=BD; P denotes pulsar. Secure neutron-star evidence.,https://burst.sci.monash.edu/sources | https://ui.adsabs.harvard.edu/abs/1984IAUC.3961....1V,31001021002,NOT_AUDITED,False,VERIFIED_NAME_POSITION,PUBLIC_CANDIDATE_REDUCTION_REQUIRED,Broader MINBAR census outside Phase I.,4u_1323_62,201.65129,-62.13608,https://burst.sci.monash.edu/sources,True,False,1
4U 1608-522,4U1608-52|4U 1608-522|4U1608m52|4U_1608m52,NS,"MINBAR source catalog: type ABOST, 145 cataloged bursts. Type P independently identifies a pulsar. Explicit designation variant where listed.",https://burst.sci.monash.edu/sources,80401321001|80401321002|90002002002,VERIFIED_PHASE1_PRODUCTS,True,VERIFIED_NAME_POSITION,PUBLIC_CANDIDATE_REDUCTION_REQUIRED,Inherited secure evidence; NuSTAR identity independently audited.,4u_1608_522,243.1792,-52.42306,https://burst.sci.monash.edu/sources,True,False,3
4U 1636-536,4U1636-53|4U 1636-536|4U1636m53|4U_1636m53|4U_1636m536,NS,"MINBAR source catalog: type ABOS, 664 cataloged bursts. Type P independently identifies a pulsar. Explicit designation variant where listed.",https://burst.sci.monash.edu/sources,30101024002|30102014002|30102014004|30102014006|30401014002,VERIFIED_PHASE1_PRODUCTS,True,VERIFIED_NAME_POSITION,PUBLIC_CANDIDATE_REDUCTION_REQUIRED,Inherited secure evidence; NuSTAR identity independently audited.,4u_1636_536,250.23154,-53.751446,https://burst.sci.monash.edu/sources,True,False,5
4U 1702-429,4U1702-429|4U 1702-429,NS,"MINBAR source catalog: type ABO, 284 cataloged bursts. Type P independently identifies a pulsar. Explicit designation variant where listed.",https://burst.sci.monash.edu/sources,,VERIFIED_PHASE1_PRODUCTS,True,NO_VERIFIED_PUBLIC_POINTING,NOT_IN_INITIAL_PROCESSING_CENSUS,Inherited secure evidence; NuSTAR identity independently audited.,4u_1702_429,256.5638,-43.035748,https://burst.sci.monash.edu/sources,True,False,0
4U 1705-32,4U 1705-32,NS,MINBAR direct evidence: 1 catalogue bursts; type=BC; P denotes pulsar. Secure neutron-star evidence.,https://burst.sci.monash.edu/sources | https://ui.adsabs.harvard.edu/abs/2005A&A...440..287I,,NOT_AUDITED,False,NO_VERIFIED_PUBLIC_POINTING,NOT_IN_INITIAL_PROCESSING_CENSUS,Broader MINBAR census outside Phase I.,4u_1705_32,257.22614,-32.332535,https://burst.sci.monash.edu/sources,True,False,0
4U 1705-44,4U1705-44|4U 1705-44|4U_1705m44,NS,"MINBAR source catalog: type BAR, 267 cataloged bursts. Type P independently identifies a pulsar. Explicit designation variant where listed.",https://burst.sci.monash.edu/sources,30101025002,VERIFIED_PHASE1_PRODUCTS,True,VERIFIED_NAME_POSITION,PUBLIC_CANDIDATE_REDUCTION_REQUIRED,Inherited secure evidence; NuSTAR identity independently audited.,4u_1705_44,257.22696,-44.102043,https://burst.sci.monash.edu/sources,True,False,1
4U 1722-30,4U 1722-30,NS,MINBAR direct evidence: 97 catalogue bursts; type=GBAC; P denotes pulsar. Secure neutron-star evidence.,https://burst.sci.monash.edu/sources | https://ui.adsabs.harvard.edu/abs/1977ApJ...212L..73S,,NOT_AUDITED,False,NO_VERIFIED_PUBLIC_POINTING,NOT_IN_INITIAL_PROCESSING_CENSUS,MINBAR discovery; cluster-marked fields require object-level contamination audit.,4u_1722_30,261.88702,-30.802307,https://burst.sci.monash.edu/sources,True,True,0
4U 1728-34,4U1728-34|4U 1728-34|4U1728m34|4U_1728m34,NS,"MINBAR source catalog: type ABORC, 1173 cataloged bursts. Type P independently identifies a pulsar. Explicit designation variant where listed.",https://burst.sci.monash.edu/sources,30401020002|30401020004|30401020006|30401020008|30401020010|30401020012|80001012002|80001012004|90501312002,VERIFIED_PHASE1_PRODUCTS,True,VERIFIED_NAME_POSITION,PUBLIC_CANDIDATE_REDUCTION_REQUIRED,Inherited secure evidence; NuSTAR identity independently audited.,4u_1728_34,262.99033,-33.833763,https://burst.sci.monash.edu/sources,True,False,9
4U 1735-444,4U1735-44|4U 1735-444|4U_1735m44,NS,"MINBAR source catalog: type ABR?S, 71 cataloged bursts. Type P independently identifies a pulsar. Explicit designation variant where listed.",https://burst.sci.monash.edu/sources,30363003002|31001011002,VERIFIED_PHASE1_PRODUCTS,True,VERIFIED_NAME_POSITION,PUBLIC_CANDIDATE_REDUCTION_REQUIRED,Inherited secure evidence; NuSTAR identity independently audited.,4u_1735_444,264.7429,-44.45,https://burst.sci.monash.edu/sources,True,False,2
4U 1746-37,4U1746-371|4U 1746-37|4U_1746m37,NS,"MINBAR source catalog: type ABDG, 37 cataloged bursts. Type P independently identifies a pulsar. Explicit designation variant where listed.",https://burst.sci.monash.edu/sources,30363004002,VERIFIED_PHASE1_PRODUCTS,True,VERIFIED_NAME_POSITION,PUBLIC_CANDIDATE_REDUCTION_REQUIRED,Inherited secure evidence; NuSTAR identity independently audited.,4u_1746_37,267.55304,-37.051815,https://burst.sci.monash.edu/sources,True,False,1
4U 1812-12,4U 1812-12|4U_1812m12,NS,MINBAR direct evidence: 25 catalogue bursts; type=BAC; P denotes pulsar. Secure neutron-star evidence.,https://burst.sci.monash.edu/sources | https://ui.adsabs.harvard.edu/abs/1983PASJ...35..531M,31101029002,NOT_AUDITED,False,VERIFIED_NAME_POSITION,PUBLIC_CANDIDATE_REDUCTION_REQUIRED,Broader MINBAR census outside Phase I.,4u_1812_12,273.77563,-12.096306,https://burst.sci.monash.edu/sources,True,False,1
4U 1820-303,4U 1820-303|4U_1820m303,NS,MINBAR direct evidence: 67 catalogue bursts; type=ABGRSC; P denotes pulsar. Secure neutron-star evidence.,https://burst.sci.monash.edu/sources | https://ui.adsabs.harvard.edu/abs/1975IAUC.2879....1G,,NOT_AUDITED,False,MATCHED_NOT_ELIGIBLE,NOT_IN_INITIAL_PROCESSING_CENSUS,MINBAR discovery; cluster-marked fields require object-level contamination audit.,4u_1820_303,275.91876,-30.361135,https://burst.sci.monash.edu/sources,True,True,0
4U 1850-086,4U 1850-086,NS,MINBAR direct evidence: 4 catalogue bursts; type=GBAR?C; P denotes pulsar. Secure neutron-star evidence.,https://burst.sci.monash.edu/sources | https://ui.adsabs.harvard.edu/abs/1980ApJ...240L..27H,,NOT_AUDITED,False,NO_VERIFIED_PUBLIC_POINTING,NOT_IN_INITIAL_PROCESSING_CENSUS,MINBAR discovery; cluster-marked fields require object-level contamination audit.,4u_1850_086,283.27032,-8.705544,https://burst.sci.monash.edu/sources,True,True,0
AX J1754.2-2754,AX J1754.2-2754,NS,MINBAR direct evidence: 2 catalogue bursts; type=B; P denotes pulsar. Secure neutron-star evidence.,https://burst.sci.monash.edu/sources | https://ui.adsabs.harvard.edu/abs/2007ATel.1094....1C,,NOT_AUDITED,False,NO_VERIFIED_PUBLIC_POINTING,NOT_IN_INITIAL_PROCESSING_CENSUS,Broader MINBAR census outside Phase I.,ax_j1754_2_2754,268.56042,-27.90989,https://burst.sci.monash.edu/sources,True,False,0
AX J1824.5-2451,AX J1824.5-2451,NS,MINBAR direct evidence: 1 catalogue bursts; type=GB; P denotes pulsar. Secure neutron-star evidence.,https://burst.sci.monash.edu/sources | https://ui.adsabs.harvard.edu/abs/1997ApJ...490L.161G,,NOT_AUDITED,False,NO_VERIFIED_PUBLIC_POINTING,NOT_IN_INITIAL_PROCESSING_CENSUS,MINBAR discovery; cluster-marked fields require object-level contamination audit.,ax_j1824_5_2451,276.125,-24.85,https://burst.sci.monash.edu/sources,True,True,0
Aql X-1,AQLX1|Aql X-1,NS,"MINBAR source catalog: type ABDIORT, 96 cataloged bursts. Type P independently identifies a pulsar. Explicit designation variant where listed.",https://burst.sci.monash.edu/sources,80001034003|80001043002|90202033002,VERIFIED_PHASE1_PRODUCTS,True,VERIFIED_NAME_POSITION,PUBLIC_CANDIDATE_REDUCTION_REQUIRED,Inherited secure evidence; NuSTAR identity independently audited.,aql_x_1,287.81686,0.584958,https://burst.sci.monash.edu/sources,True,False,3
Cir X-1,Cir X-1|Cir_X1|Circinus_X1,NS,MINBAR direct evidence: 14 catalogue bursts; type=ABDMRT; P denotes pulsar. Secure neutron-star evidence.,https://burst.sci.monash.edu/sources | https://ui.adsabs.harvard.edu/abs/1986MNRAS.219..871T,30401013002|30602026004|30902037004|31102015004|31102015006,NOT_AUDITED,False,VERIFIED_NAME_POSITION,PUBLIC_CANDIDATE_REDUCTION_REQUIRED,Broader MINBAR census outside Phase I.,cir_x_1,230.1703,-57.16674,https://burst.sci.monash.edu/sources,True,False,5
Cyg X-2,CYGX-2|Cyg X-2|Cyg_X2,NS,"MINBAR source catalog: type BZR, 70 cataloged bursts. Type P independently identifies a pulsar. Explicit designation variant where listed.",https://burst.sci.monash.edu/sources,11001313004|11001313006|11001313008|11001313013|11001313014|30001141002|80511301002|80511301004,VERIFIED_PHASE1_PRODUCTS,True,VERIFIED_NAME_POSITION,PUBLIC_CANDIDATE_REDUCTION_REQUIRED,Inherited secure evidence; NuSTAR identity independently audited.,cyg_x_2,326.17145,38.321415,https://burst.sci.monash.edu/sources,True,False,8
EXO 0748-676,EXO 0748-676|EXO_0748m676,NS,MINBAR direct evidence: 357 catalogue bursts; type=BDEOT; P denotes pulsar. Secure neutron-star evidence.,https://burst.sci.monash.edu/sources | https://ui.adsabs.harvard.edu/abs/1985IAUC.4039....1P,30801026002|91001324001|91001324002,NOT_AUDITED,False,VERIFIED_NAME_POSITION,PUBLIC_CANDIDATE_REDUCTION_REQUIRED,Broader MINBAR census outside Phase I.,exo_0748_676,117.14042,-67.7522,https://burst.sci.monash.edu/sources,True,False,3
EXO 1745-248,EXO 1745-248,NS,MINBAR direct evidence: 25 catalogue bursts; type=BDGST; P denotes pulsar. Secure neutron-star evidence.,https://burst.sci.monash.edu/sources | https://ui.adsabs.harvard.edu/abs/1981ApJ...247L..23M,,NOT_AUDITED,False,NO_VERIFIED_PUBLIC_POINTING,NOT_IN_INITIAL_PROCESSING_CENSUS,MINBAR discovery; cluster-marked fields require object-level contamination audit.,exo_1745_248,267.0218,-24.779924,https://burst.sci.monash.edu/sources,True,True,0
EXO 1747-214,EXO 1747-214,NS,MINBAR direct evidence: 1 catalogue bursts; type=TB; P denotes pulsar. Secure neutron-star evidence.,https://burst.sci.monash.edu/sources | https://ui.adsabs.harvard.edu/abs/1985IAUC.4058....2P,,NOT_AUDITED,False,NO_VERIFIED_PUBLIC_POINTING,NOT_IN_INITIAL_PROCESSING_CENSUS,Broader MINBAR census outside Phase I.,exo_1747_214,267.60217,-21.42219,https://burst.sci.monash.edu/sources,True,False,0
GRS 1741.9-2853,GRS 1741.9-2853|GRS_1741d9m2853,NS,MINBAR direct evidence: 27 catalogue bursts; type=BOT; P denotes pulsar. Secure neutron-star evidence.,https://burst.sci.monash.edu/sources | https://ui.adsabs.harvard.edu/abs/1999A&A...346L..45C,90601317002,NOT_AUDITED,False,VERIFIED_NAME_POSITION,PUBLIC_CANDIDATE_REDUCTION_REQUIRED,Broader MINBAR census outside Phase I.,grs_1741_9_2853,266.25967,-28.91377,https://burst.sci.monash.edu/sources,True,False,1
GRS 1747-312,GRS 1747-312,NS,MINBAR direct evidence: 21 catalogue bursts; type=BDEGT; P denotes pulsar. Secure neutron-star evidence.,https://burst.sci.monash.edu/sources | https://ui.adsabs.harvard.edu/abs/2003A&A...406..233I,,NOT_AUDITED,False,NO_VERIFIED_PUBLIC_POINTING,NOT_IN_INITIAL_PROCESSING_CENSUS,MINBAR discovery; cluster-marked fields require object-level contamination audit.,grs_1747_312,267.69525,-31.274683,https://burst.sci.monash.edu/sources,True,True,0
GS 1826-24,GS 1826-24,NS,MINBAR direct evidence: 455 catalogue bursts; type=TB; P denotes pulsar. Secure neutron-star evidence.,https://burst.sci.monash.edu/sources | https://ui.adsabs.harvard.edu/abs/1997IAUC.6611....1U,,NOT_AUDITED,False,NO_VERIFIED_PUBLIC_POINTING,NOT_IN_INITIAL_PROCESSING_CENSUS,Broader MINBAR census outside Phase I.,gs_1826_24,277.3675,-23.796972,https://burst.sci.monash.edu/sources,True,False,0
GX 13+1,GX 13+1|GX_13p1,NS,MINBAR direct evidence: 1 catalogue bursts; type=ABDR; P denotes pulsar. Secure neutron-star evidence.,https://burst.sci.monash.edu/sources | https://ui.adsabs.harvard.edu/abs/1995PASJ...47..575M,30301003002,NOT_AUDITED,False,VERIFIED_NAME_POSITION,PUBLIC_CANDIDATE_REDUCTION_REQUIRED,Broader MINBAR census outside Phase I.,gx_13_1,273.6295,-17.15725,https://burst.sci.monash.edu/sources,True,False,1
GX 17+2,GX 17+2|GX_17p2,NS,MINBAR direct evidence: 43 catalogue bursts; type=BRSZ; P denotes pulsar. Secure neutron-star evidence.,https://burst.sci.monash.edu/sources | https://ui.adsabs.harvard.edu/abs/1981IAUC.3624....1O,30101023002|30902026004|30902026006|30902026008|91001339002,NOT_AUDITED,False,VERIFIED_NAME_POSITION,PUBLIC_CANDIDATE_REDUCTION_REQUIRED,Broader MINBAR census outside Phase I.,gx_17_2,274.0058,-14.036283,https://burst.sci.monash.edu/sources,True,False,5
GX 3+1,GX 3+1|GX_3p1,NS,MINBAR direct evidence: 204 catalogue bursts; type=ABS; P denotes pulsar. Secure neutron-star evidence.,https://burst.sci.monash.edu/sources | https://ui.adsabs.harvard.edu/abs/1983ApJ...267..310M,30363001002|31001012002,NOT_AUDITED,False,VERIFIED_NAME_POSITION,PUBLIC_CANDIDATE_REDUCTION_REQUIRED,Broader MINBAR census outside Phase I.,gx_3_1,266.98373,-26.563707,https://burst.sci.monash.edu/sources,True,False,2
HETE J1900.1-2455,HETEJ1900.1-2455|HETE J1900.1-2455,NS,"MINBAR source catalog: type BOIT, 10 cataloged bursts. Type P independently identifies a pulsar. Explicit designation variant where listed.",https://burst.sci.monash.edu/sources,,VERIFIED_PHASE1_PRODUCTS,True,NO_VERIFIED_PUBLIC_POINTING,NOT_IN_INITIAL_PROCESSING_CENSUS,Inherited secure evidence; NuSTAR identity independently audited.,hete_j1900_1_2455,285.0407,-24.901194,https://burst.sci.monash.edu/sources,True,False,0
IGR J00291+5934,IGRJ00291+5934|IGR J00291+5934|IGR_J00291p5934,NS,"MINBAR source catalog: type BPT, 0 cataloged bursts. Type P independently identifies a pulsar. Explicit designation variant where listed.",https://burst.sci.monash.edu/sources,90101010002,VERIFIED_PHASE1_PRODUCTS,True,VERIFIED_NAME_POSITION,PUBLIC_CANDIDATE_REDUCTION_REQUIRED,Inherited secure evidence; NuSTAR identity independently audited.,igr_j00291_5934,7.262708,59.57192,https://burst.sci.monash.edu/sources,True,False,1
IGR J17062-6143,IGR J17062-6143|IGR_J17062m6143,NS,MINBAR direct evidence: 0 catalogue bursts; type=BPTC; P denotes pulsar. Secure neutron-star evidence.,https://burst.sci.monash.edu/sources | https://ui.adsabs.harvard.edu/abs/2012ATel.4219....1D,30101034002|30201018002|30801032002,NOT_AUDITED,False,VERIFIED_NAME_POSITION,PUBLIC_CANDIDATE_REDUCTION_REQUIRED,Broader MINBAR census outside Phase I.,igr_j17062_6143,256.56772,-61.71125,https://burst.sci.monash.edu/sources,True,False,3
IGR J17191-2821,IGR J17191-2821,NS,MINBAR direct evidence: 5 catalogue bursts; type=BOT; P denotes pulsar. Secure neutron-star evidence.,https://burst.sci.monash.edu/sources | https://ui.adsabs.harvard.edu/abs/2007ATel.1065....1K,,NOT_AUDITED,False,NO_VERIFIED_PUBLIC_POINTING,NOT_IN_INITIAL_PROCESSING_CENSUS,Broader MINBAR census outside Phase I.,igr_j17191_2821,259.81305,-28.29919,https://burst.sci.monash.edu/sources,True,False,0
IGR J17254-3257,IGR J17254-3257,NS,MINBAR direct evidence: 11 catalogue bursts; type=TBC; P denotes pulsar. Secure neutron-star evidence.,https://burst.sci.monash.edu/sources | https://ui.adsabs.harvard.edu/abs/2006ATel..778....1B,,NOT_AUDITED,False,NO_VERIFIED_PUBLIC_POINTING,NOT_IN_INITIAL_PROCESSING_CENSUS,Broader MINBAR census outside Phase I.,igr_j17254_3257,261.35626,-32.95486,https://burst.sci.monash.edu/sources,True,False,0
IGR J17379-3747,IGRJ17379-3747|IGR J17380-3749|XTE J1737-376|IGR_J17379m3747,NS,"Coherent millisecond pulsations: Sanna et al. 2018 (see existing registry). Published BH label conflicts; query exact designation, but no spectra admitted without independently verified pointing.",https://arxiv.org/abs/1807.08574v2,90401312002|90601333002,NOT_AUDITED,False,VERIFIED_NAME_POSITION,PUBLIC_CANDIDATE_REDUCTION_REQUIRED,"Inherited secure evidence; NuSTAR identity independently audited. IGR J17380-3749 is the same physical system, merged before splitting.",igr_j17379_3747,264.4978,-37.7721,SIMBAD ambiguous_catalog_names.csv; both IGR aliases resolve to XTE J1737-376,True,False,2
IGR J17464-2811,IGR J17464-2811,NS,MINBAR direct evidence: 2 catalogue bursts; type=T?BC; P denotes pulsar. Secure neutron-star evidence.,https://burst.sci.monash.edu/sources | https://ui.adsabs.harvard.edu/abs/2006ATel..970....1B,,NOT_AUDITED,False,NO_VERIFIED_PUBLIC_POINTING,NOT_IN_INITIAL_PROCESSING_CENSUS,Broader MINBAR census outside Phase I.,igr_j17464_2811,266.81732,-28.18,https://burst.sci.monash.edu/sources,True,False,0
IGR J17473-2721,IGR J17473-2721,NS,MINBAR direct evidence: 61 catalogue bursts; type=T; P denotes pulsar. Secure neutron-star evidence.,https://burst.sci.monash.edu/sources | https://ui.adsabs.harvard.edu/abs/2008ATel.1445....1D,,NOT_AUDITED,False,NO_VERIFIED_PUBLIC_POINTING,NOT_IN_INITIAL_PROCESSING_CENSUS,Broader MINBAR census outside Phase I.,igr_j17473_2721,266.82532,-27.344084,https://burst.sci.monash.edu/sources,True,False,0
IGR J17480-2446,IGR J17480-2446,NS,MINBAR direct evidence: 303 catalogue bursts; type=BGOPT; P denotes pulsar. Secure neutron-star evidence.,https://burst.sci.monash.edu/sources | https://ui.adsabs.harvard.edu/abs/2010ATel.2924....1C,,NOT_AUDITED,False,NO_VERIFIED_PUBLIC_POINTING,NOT_IN_INITIAL_PROCESSING_CENSUS,MINBAR discovery; cluster-marked fields require object-level contamination audit.,igr_j17480_2446,267.02008,-24.78025,https://burst.sci.monash.edu/sources,True,True,0
IGR J17498-2921,IGR J17498-2921|IGR_J17498m2921,NS,MINBAR direct evidence: 7 catalogue bursts; type=BOPT; P denotes pulsar. Secure neutron-star evidence.,https://burst.sci.monash.edu/sources | https://ui.adsabs.harvard.edu/abs/2011ATel.3560....1F,90901317002,NOT_AUDITED,False,VERIFIED_NAME_POSITION,PUBLIC_CANDIDATE_REDUCTION_REQUIRED,Broader MINBAR census outside Phase I.,igr_j17498_2921,267.4806,-29.32214,https://burst.sci.monash.edu/sources,True,False,1
IGR J17511-3057,IGR J17511-3057|IGR_J17511m3057,NS,MINBAR direct evidence: 16 catalogue bursts; type=BOPT; P denotes pulsar. Secure neutron-star evidence.,https://burst.sci.monash.edu/sources | https://ui.adsabs.harvard.edu/abs/2009ATel.2198....1B,90101001002|91101304002,NOT_AUDITED,False,VERIFIED_NAME_POSITION,PUBLIC_CANDIDATE_REDUCTION_REQUIRED,Broader MINBAR census outside Phase I.,igr_j17511_3057,267.78607,-30.96139,https://burst.sci.monash.edu/sources,True,False,2
IGR J17591-2342,IGR J17591-2342|IGR_J17591m2342,NS,MINBAR direct evidence: 0 catalogue bursts; type=BRPT; P denotes pulsar. Secure neutron-star evidence.,https://burst.sci.monash.edu/sources | https://ui.adsabs.harvard.edu/abs/2020arXiv200212154K,80301311002|90401331002,NOT_AUDITED,False,VERIFIED_NAME_POSITION,PUBLIC_CANDIDATE_REDUCTION_REQUIRED,Broader MINBAR census outside Phase I.,igr_j17591_2342,269.7619,-23.71894,https://burst.sci.monash.edu/sources,True,False,2
IGR J17597-2201,IGR J17597-2201,NS,MINBAR direct evidence: 16 catalogue bursts; type=BD; P denotes pulsar. Secure neutron-star evidence.,https://burst.sci.monash.edu/sources | https://ui.adsabs.harvard.edu/abs/2003ATel..156....1M,,NOT_AUDITED,False,NO_VERIFIED_PUBLIC_POINTING,NOT_IN_INITIAL_PROCESSING_CENSUS,Broader MINBAR census outside Phase I.,igr_j17597_2201,269.9397,-22.027569,https://burst.sci.monash.edu/sources,True,False,0
IGR J18245-2452,IGR J18245-2452,NS,MINBAR direct evidence: 0 catalogue bursts; type=BGTPR; P denotes pulsar. Secure neutron-star evidence.,https://burst.sci.monash.edu/sources | https://ui.adsabs.harvard.edu/abs/2013ATel.4959....1P,,NOT_AUDITED,False,NO_VERIFIED_PUBLIC_POINTING,NOT_IN_INITIAL_PROCESSING_CENSUS,MINBAR discovery; cluster-marked fields require object-level contamination audit.,igr_j18245_2452,276.1354,-24.868834,https://burst.sci.monash.edu/sources,True,True,0
KS 1731-260,KS1731-260|KS 1731-260,NS,"MINBAR source catalog: type BOST, 366 cataloged bursts. Type P independently identifies a pulsar. Explicit designation variant where listed.",https://burst.sci.monash.edu/sources,,VERIFIED_PHASE1_PRODUCTS,True,NO_VERIFIED_PUBLIC_POINTING,NOT_IN_INITIAL_PROCESSING_CENSUS,Inherited secure evidence; NuSTAR identity independently audited.,ks_1731_260,263.5561,-26.0885,https://burst.sci.monash.edu/sources,True,False,0
KS 1741-293,KS 1741-293,NS,MINBAR direct evidence: 29 catalogue bursts; type=TB; P denotes pulsar. Secure neutron-star evidence.,https://burst.sci.monash.edu/sources | https://ui.adsabs.harvard.edu/abs/1991AdSpR..11..187I,,NOT_AUDITED,False,NO_VERIFIED_PUBLIC_POINTING,NOT_IN_INITIAL_PROCESSING_CENSUS,Broader MINBAR census outside Phase I.,ks_1741_293,266.21274,-29.35467,https://burst.sci.monash.edu/sources,True,False,0
M15 X-2,M15 X-2,NS,MINBAR direct evidence: 8 catalogue bursts; type=GBCR?; P denotes pulsar. Secure neutron-star evidence.,https://burst.sci.monash.edu/sources | https://ui.adsabs.harvard.edu/abs/1990PASJ...42..633V,,NOT_AUDITED,False,NO_VERIFIED_PUBLIC_POINTING,NOT_IN_INITIAL_PROCESSING_CENSUS,MINBAR discovery; cluster-marked fields require object-level contamination audit.,m15_x_2,322.49222,12.167389,https://burst.sci.monash.edu/sources,True,True,0
MAXI J0911-655,MAXI J0911-655,NS,MINBAR direct evidence: 0 catalogue bursts; type=BGPT; P denotes pulsar. Secure neutron-star evidence.,https://burst.sci.monash.edu/sources | https://ui.adsabs.harvard.edu/abs/2020ATel13754....1N,,NOT_AUDITED,False,NO_VERIFIED_PUBLIC_POINTING,NOT_IN_INITIAL_PROCESSING_CENSUS,MINBAR discovery; cluster-marked fields require object-level contamination audit.,maxi_j0911_655,138.010125,-64.8684444,https://burst.sci.monash.edu/sources,True,True,0
MAXI J1816-195,MAXI J1816-195|MAXI_J1816m195,NS,MINBAR direct evidence: 0 catalogue bursts; type=TBP; P denotes pulsar. Secure neutron-star evidence.,https://burst.sci.monash.edu/sources | https://ui.adsabs.harvard.edu/abs/2022ATel15425....1B,90801315001,NOT_AUDITED,False,VERIFIED_NAME_POSITION,PUBLIC_CANDIDATE_REDUCTION_REQUIRED,Broader MINBAR census outside Phase I.,maxi_j1816_195,274.21838,-19.63261,https://burst.sci.monash.edu/sources,True,False,1
MXB 1658-298,MXB1658-298|MXB 1658-298|X1658-298,NS,"MINBAR source catalog: type BDEOT, 27 cataloged bursts. Type P independently identifies a pulsar. Explicit designation variant where listed. Archive designation reviewed against primary literature and independent catalog position; see reconstruction/alias_evidence.csv.",https://burst.sci.monash.edu/sources,,VERIFIED_PHASE1_PRODUCTS,True,NO_VERIFIED_PUBLIC_POINTING,NOT_IN_INITIAL_PROCESSING_CENSUS,Inherited secure evidence; NuSTAR identity independently audited.,mxb_1658_298,255.5272,-29.945646,https://burst.sci.monash.edu/sources,True,False,0
MXB 1730-335,MXB 1730-335,NS,MINBAR direct evidence: 126 catalogue bursts; type=TGBDR; P denotes pulsar. Secure neutron-star evidence.,https://burst.sci.monash.edu/sources | https://ui.adsabs.harvard.edu/abs/1978Natur.271..630H,,NOT_AUDITED,False,NO_VERIFIED_PUBLIC_POINTING,NOT_IN_INITIAL_PROCESSING_CENSUS,MINBAR discovery; cluster-marked fields require object-level contamination audit.,mxb_1730_335,263.35254,-33.388832,https://burst.sci.monash.edu/sources,True,True,0
RX J1718.4-4029,RX J1718.4-4029,NS,MINBAR direct evidence: 2 catalogue bursts; type=BC; P denotes pulsar. Secure neutron-star evidence.,https://burst.sci.monash.edu/sources | https://ui.adsabs.harvard.edu/abs/2000A&A...358L..71K,,NOT_AUDITED,False,NO_VERIFIED_PUBLIC_POINTING,NOT_IN_INITIAL_PROCESSING_CENSUS,Broader MINBAR census outside Phase I.,rx_j1718_4_4029,259.6006,-40.49178,https://burst.sci.monash.edu/sources,True,False,0
SAX J1324.5-6313,SAX J1324.5-6313,NS,MINBAR direct evidence: 1 catalogue bursts; type=B; P denotes pulsar. Secure neutron-star evidence.,https://burst.sci.monash.edu/sources | https://ui.adsabs.harvard.edu/abs/2002A&A...392..885C,,NOT_AUDITED,False,NO_VERIFIED_PUBLIC_POINTING,NOT_IN_INITIAL_PROCESSING_CENSUS,Broader MINBAR census outside Phase I.,sax_j1324_5_6313,201.12625,-63.230556,https://burst.sci.monash.edu/sources,True,False,0
SAX J1712.6-3739,SAX J1712.6-3739,NS,MINBAR direct evidence: 2 catalogue bursts; type=TBC; P denotes pulsar. Secure neutron-star evidence.,https://burst.sci.monash.edu/sources | https://ui.adsabs.harvard.edu/abs/1999IAUC.7247....3C,,NOT_AUDITED,False,NO_VERIFIED_PUBLIC_POINTING,NOT_IN_INITIAL_PROCESSING_CENSUS,Broader MINBAR census outside Phase I.,sax_j1712_6_3739,258.1547,-37.64439,https://burst.sci.monash.edu/sources,True,False,0
SAX J1747.0-2853,SAX J1747.0-2853,NS,MINBAR direct evidence: 113 catalogue bursts; type=BTS; P denotes pulsar. Secure neutron-star evidence.,https://burst.sci.monash.edu/sources | https://ui.adsabs.harvard.edu/abs/1998IAUC.6846....2I,,NOT_AUDITED,False,NO_VERIFIED_PUBLIC_POINTING,NOT_IN_INITIAL_PROCESSING_CENSUS,Broader MINBAR census outside Phase I.,sax_j1747_0_2853,266.76083,-28.883028,https://burst.sci.monash.edu/sources,True,False,0
SAX J1748.9-2021,SAX J1748.9-2021|SAX_J1748d9m2021,NS,MINBAR direct evidence: 46 catalogue bursts; type=TGIAB; P denotes pulsar. Secure neutron-star evidence.,https://burst.sci.monash.edu/sources | https://ui.adsabs.harvard.edu/abs/1998IAUC.6997....3I,,NOT_AUDITED,False,MATCHED_NOT_ELIGIBLE,NOT_IN_INITIAL_PROCESSING_CENSUS,MINBAR discovery; cluster-marked fields require object-level contamination audit.,sax_j1748_9_2021,267.21735,-20.359001,https://burst.sci.monash.edu/sources,True,True,0
SAX J1750.8-2900,SAXJ1750.8-2900|SAX J1750.8-2900,NS,"MINBAR source catalog: type A?BOT, 24 cataloged bursts. Type P independently identifies a pulsar. Explicit designation variant where listed.",https://burst.sci.monash.edu/sources,,VERIFIED_PHASE1_PRODUCTS,True,NO_VERIFIED_PUBLIC_POINTING,NOT_IN_INITIAL_PROCESSING_CENSUS,Inherited secure evidence; NuSTAR identity independently audited.,sax_j1750_8_2900,267.60175,-29.03761,https://burst.sci.monash.edu/sources,True,False,0
SAX J1752.3-3138,SAX J1752.3-3138,NS,MINBAR direct evidence: 2 catalogue bursts; type=BT; P denotes pulsar. Secure neutron-star evidence.,https://burst.sci.monash.edu/sources | https://ui.adsabs.harvard.edu/abs/1999IAUC.7307....2C,,NOT_AUDITED,False,NO_VERIFIED_PUBLIC_POINTING,NOT_IN_INITIAL_PROCESSING_CENSUS,Broader MINBAR census outside Phase I.,sax_j1752_3_3138,268.1,-31.628334,https://burst.sci.monash.edu/sources,True,False,0
SAX J1753.5-2349,SAX J1753.5-2349,NS,MINBAR direct evidence: 2 catalogue bursts; type=BT; P denotes pulsar. Secure neutron-star evidence.,https://burst.sci.monash.edu/sources | https://ui.adsabs.harvard.edu/abs/1999NuPhS..69..228I,,NOT_AUDITED,False,NO_VERIFIED_PUBLIC_POINTING,NOT_IN_INITIAL_PROCESSING_CENSUS,Broader MINBAR census outside Phase I.,sax_j1753_5_2349,268.3829,-23.820795,https://burst.sci.monash.edu/sources,True,False,0
SAX J1806.5-2215,SAXJ1806.5-2215|SAX J1806.5-2215,NS,"MINBAR source catalog: type TB, 9 cataloged bursts. Type P independently identifies a pulsar. Explicit designation variant where listed.",https://burst.sci.monash.edu/sources,,VERIFIED_PHASE1_PRODUCTS,True,NO_VERIFIED_PUBLIC_POINTING,NOT_IN_INITIAL_PROCESSING_CENSUS,Inherited secure evidence; NuSTAR identity independently audited.,sax_j1806_5_2215,271.63403,-22.238144,https://burst.sci.monash.edu/sources,True,False,0
SAX J1808.4-3658,SAXJ1808.4-3658|SAX J1808.4-3658|SAX_J1808d4m3658,NS,"MINBAR source catalog: type BOPRT, 12 cataloged bursts. Type P independently identifies a pulsar. Explicit designation variant where listed.",https://burst.sci.monash.edu/sources,80701312002|81101346002|90102003002|90102003004|90102003006|90501335002|91101333004,VERIFIED_PHASE1_PRODUCTS,True,VERIFIED_NAME_POSITION,PUBLIC_CANDIDATE_REDUCTION_REQUIRED,Inherited secure evidence; NuSTAR identity independently audited.,sax_j1808_4_3658,272.115,-36.978863,https://burst.sci.monash.edu/sources,True,False,7
SAX J1810.8-2609,SAXJ1810.8-2609|SAX J1810.8-2609,NS,"MINBAR source catalog: type TBO, 16 cataloged bursts. Type P independently identifies a pulsar. Explicit designation variant where listed.",https://burst.sci.monash.edu/sources,,VERIFIED_PHASE1_PRODUCTS,True,NO_VERIFIED_PUBLIC_POINTING,NOT_IN_INITIAL_PROCESSING_CENSUS,Inherited secure evidence; NuSTAR identity independently audited.,sax_j1810_8_2609,272.6853,-26.150333,https://burst.sci.monash.edu/sources,True,False,0
SAX J1818.7+1424,SAX J1818.7+1424,NS,MINBAR direct evidence: 2 catalogue bursts; type=BT; P denotes pulsar. Secure neutron-star evidence.,https://burst.sci.monash.edu/sources | https://ui.adsabs.harvard.edu/abs/2002A&A...392..885C,,NOT_AUDITED,False,NO_VERIFIED_PUBLIC_POINTING,NOT_IN_INITIAL_PROCESSING_CENSUS,Broader MINBAR census outside Phase I.,sax_j1818_7_1424,274.68332,14.403333,https://burst.sci.monash.edu/sources,True,False,0
SAX J1828.5-1037,SAX J1828.5-1037,NS,MINBAR direct evidence: 1 catalogue bursts; type=BST; P denotes pulsar. Secure neutron-star evidence.,https://burst.sci.monash.edu/sources | https://ui.adsabs.harvard.edu/abs/2002A&A...392..885C,,NOT_AUDITED,False,NO_VERIFIED_PUBLIC_POINTING,NOT_IN_INITIAL_PROCESSING_CENSUS,Broader MINBAR census outside Phase I.,sax_j1828_5_1037,277.1415,-10.616528,https://burst.sci.monash.edu/sources,True,False,0
SAX J2224.9+5421,SAX J2224.9+5421,NS,MINBAR direct evidence: 1 catalogue bursts; type=B; P denotes pulsar. Secure neutron-star evidence.,https://burst.sci.monash.edu/sources | https://ui.adsabs.harvard.edu/abs/2002A&A...392..885C,,NOT_AUDITED,False,NO_VERIFIED_PUBLIC_POINTING,NOT_IN_INITIAL_PROCESSING_CENSUS,Broader MINBAR census outside Phase I.,sax_j2224_9_5421,336.20688,54.38614,https://burst.sci.monash.edu/sources,True,False,0
SLX 1732-304,SLX 1732-304,NS,MINBAR direct evidence: 1 catalogue bursts; type=GBRT; P denotes pulsar. Secure neutron-star evidence.,https://burst.sci.monash.edu/sources | https://ui.adsabs.harvard.edu/abs/1981ApJ...247L..23M,,NOT_AUDITED,False,NO_VERIFIED_PUBLIC_POINTING,NOT_IN_INITIAL_PROCESSING_CENSUS,MINBAR discovery; cluster-marked fields require object-level contamination audit.,slx_1732_304,263.94693,-30.482027,https://burst.sci.monash.edu/sources,True,True,0
SLX 1735-269,SLX1735-269|SLX 1735-269|SLX_1735m269,NS,"MINBAR source catalog: type BSC, 23 cataloged bursts. Type P independently identifies a pulsar. Explicit designation variant where listed.",https://burst.sci.monash.edu/sources,30601007002,VERIFIED_PHASE1_PRODUCTS,True,VERIFIED_NAME_POSITION,PUBLIC_CANDIDATE_REDUCTION_REQUIRED,Inherited secure evidence; NuSTAR identity independently audited.,slx_1735_269,264.57132,-26.994057,https://burst.sci.monash.edu/sources,True,False,1
SLX 1737-282,SLX 1737-282,NS,MINBAR direct evidence: 3 catalogue bursts; type=BC; P denotes pulsar. Secure neutron-star evidence.,https://burst.sci.monash.edu/sources | https://ui.adsabs.harvard.edu/abs/2002A&A...389L..43I,,NOT_AUDITED,False,NO_VERIFIED_PUBLIC_POINTING,NOT_IN_INITIAL_PROCESSING_CENSUS,Broader MINBAR census outside Phase I.,slx_1737_282,265.17847,-28.302334,https://burst.sci.monash.edu/sources,True,False,0
SLX 1744-300,SLX 1744-300,NS,MINBAR direct evidence: 304 catalogue bursts; type=BT?; P denotes pulsar. Secure neutron-star evidence.,https://burst.sci.monash.edu/sources | https://ui.adsabs.harvard.edu/abs/1990MNRAS.243...72S,,NOT_AUDITED,False,NO_VERIFIED_PUBLIC_POINTING,NOT_IN_INITIAL_PROCESSING_CENSUS,Broader MINBAR census outside Phase I.,slx_1744_300,266.85837,-30.044945,https://burst.sci.monash.edu/sources,True,False,0
SRGA J144459.2-604207,SRGA J144459.2-604207,NS,MINBAR direct evidence: 0 catalogue bursts; type=BPT; P denotes pulsar. Secure neutron-star evidence.,https://burst.sci.monash.edu/sources | https://ui.adsabs.harvard.edu/abs/2024ATel16474....1N,,NOT_AUDITED,False,NO_VERIFIED_PUBLIC_POINTING,NOT_IN_INITIAL_PROCESSING_CENSUS,Broader MINBAR census outside Phase I.,srga_j144459_2_604207,221.245583,-60.6986944,https://burst.sci.monash.edu/sources,True,False,0
Ser X-1,SERX-1|Ser X-1|Ser_X1|Serpens_X1,NS,"MINBAR source catalog: type BARS, 55 cataloged bursts. Type P independently identifies a pulsar. Explicit designation variant where listed.",https://burst.sci.monash.edu/sources,30001013002|30001013004|30301021002|30901004002,VERIFIED_PHASE1_PRODUCTS,True,VERIFIED_NAME_POSITION,PUBLIC_CANDIDATE_REDUCTION_REQUIRED,Inherited secure evidence; NuSTAR identity independently audited.,ser_x_1,279.9898,5.035972,https://burst.sci.monash.edu/sources,True,False,4
Swift J1749.4-2807,Swift J1749.4-2807,NS,MINBAR direct evidence: 1 catalogue bursts; type=BPT; P denotes pulsar. Secure neutron-star evidence.,https://burst.sci.monash.edu/sources | https://ui.adsabs.harvard.edu/abs/2009MNRAS.393..126W,,NOT_AUDITED,False,NO_VERIFIED_PUBLIC_POINTING,NOT_IN_INITIAL_PROCESSING_CENSUS,Broader MINBAR census outside Phase I.,swift_j1749_4_2807,267.3822,-28.134745,https://burst.sci.monash.edu/sources,True,False,0
XB 1832-330,XB 1832-330,NS,MINBAR direct evidence: 19 catalogue bursts; type=GBC; P denotes pulsar. Secure neutron-star evidence.,https://burst.sci.monash.edu/sources | https://ui.adsabs.harvard.edu/abs/1998A&A...329L..37I,,NOT_AUDITED,False,NO_VERIFIED_PUBLIC_POINTING,NOT_IN_INITIAL_PROCESSING_CENSUS,MINBAR discovery; cluster-marked fields require object-level contamination audit.,xb_1832_330,278.9319,-32.99077,https://burst.sci.monash.edu/sources,True,True,0
XB 1916-053,XB 1916-053,NS,MINBAR direct evidence: 36 catalogue bursts; type=BADC; P denotes pulsar. Secure neutron-star evidence.,https://burst.sci.monash.edu/sources | https://ui.adsabs.harvard.edu/abs/1977ApJ...216L.101B,,NOT_AUDITED,False,NO_VERIFIED_PUBLIC_POINTING,NOT_IN_INITIAL_PROCESSING_CENSUS,Broader MINBAR census outside Phase I.,xb_1916_053,289.69946,-5.2380805,https://burst.sci.monash.edu/sources,True,False,0
XMMU J181227.8-181234,XMMU J181227.8-181234,NS,MINBAR direct evidence: 7 catalogue bursts; type=TBC; P denotes pulsar. Secure neutron-star evidence.,https://burst.sci.monash.edu/sources | https://ui.adsabs.harvard.edu/abs/2017ATel10567....1I,,NOT_AUDITED,False,NO_VERIFIED_PUBLIC_POINTING,NOT_IN_INITIAL_PROCESSING_CENSUS,Broader MINBAR census outside Phase I.,xmmu_j181227_8_181234,273.11584,-18.209444,https://burst.sci.monash.edu/sources,True,False,0
XTE J1701-407,XTE J1701-407,NS,MINBAR direct evidence: 1 catalogue bursts; type=BT; P denotes pulsar. Secure neutron-star evidence.,https://burst.sci.monash.edu/sources | https://ui.adsabs.harvard.edu/abs/2007ATel.1144....1H,,NOT_AUDITED,False,NO_VERIFIED_PUBLIC_POINTING,NOT_IN_INITIAL_PROCESSING_CENSUS,Broader MINBAR census outside Phase I.,xte_j1701_407,255.43471,-40.85836,https://burst.sci.monash.edu/sources,True,False,0
XTE J1701-462,XTE J1701-462|XTE_J1701m462,NS,MINBAR direct evidence: 6 catalogue bursts; type=TZR?; P denotes pulsar. Secure neutron-star evidence.,https://burst.sci.monash.edu/sources | https://ui.adsabs.harvard.edu/abs/2008ATel.1616....1M,90802322002|90901311002,NOT_AUDITED,False,VERIFIED_NAME_POSITION,PUBLIC_CANDIDATE_REDUCTION_REQUIRED,Broader MINBAR census outside Phase I.,xte_j1701_462,255.24358,-46.18572,https://burst.sci.monash.edu/sources,True,False,2
XTE J1709-267,XTE J1709-267,NS,MINBAR direct evidence: 11 catalogue bursts; type=TBC; P denotes pulsar. Secure neutron-star evidence.,https://burst.sci.monash.edu/sources | https://ui.adsabs.harvard.edu/abs/1998ApJ...508L.163C,,NOT_AUDITED,False,NO_VERIFIED_PUBLIC_POINTING,NOT_IN_INITIAL_PROCESSING_CENSUS,Broader MINBAR census outside Phase I.,xte_j1709_267,257.37668,-26.655527,https://burst.sci.monash.edu/sources,True,False,0
XTE J1710-281,XTE J1710-281,NS,MINBAR direct evidence: 47 catalogue bursts; type=BDET; P denotes pulsar. Secure neutron-star evidence.,https://burst.sci.monash.edu/sources | https://ui.adsabs.harvard.edu/abs/2001rxte.prop60049M,,NOT_AUDITED,False,NO_VERIFIED_PUBLIC_POINTING,NOT_IN_INITIAL_PROCESSING_CENSUS,Broader MINBAR census outside Phase I.,xte_j1710_281,257.55222,-28.130833,https://burst.sci.monash.edu/sources,True,False,0
XTE J1723-376,XTE J1723-376,NS,MINBAR direct evidence: 12 catalogue bursts; type=TB; P denotes pulsar. Secure neutron-star evidence.,https://burst.sci.monash.edu/sources | https://ui.adsabs.harvard.edu/abs/1999IAUC.7133....3M,,NOT_AUDITED,False,NO_VERIFIED_PUBLIC_POINTING,NOT_IN_INITIAL_PROCESSING_CENSUS,Broader MINBAR census outside Phase I.,xte_j1723_376,260.91125,-37.661667,https://burst.sci.monash.edu/sources,True,False,0
XTE J1739-285,XTE J1739-285|XTE_J1739m285,NS,MINBAR direct evidence: 43 catalogue bursts; type=TB; P denotes pulsar. Secure neutron-star evidence.,https://burst.sci.monash.edu/sources | https://ui.adsabs.harvard.edu/abs/2005ATel..622....1B,90501343002|90601307002|91201339002,NOT_AUDITED,False,VERIFIED_NAME_POSITION,PUBLIC_CANDIDATE_REDUCTION_REQUIRED,Broader MINBAR census outside Phase I.,xte_j1739_285,264.9748,-28.496334,https://burst.sci.monash.edu/sources,True,False,3
XTE J1810-189,XTE J1810-189,NS,MINBAR direct evidence: 19 catalogue bursts; type=BT; P denotes pulsar. Secure neutron-star evidence.,https://burst.sci.monash.edu/sources | https://ui.adsabs.harvard.edu/abs/2008ATel.1443....1M,,NOT_AUDITED,False,NO_VERIFIED_PUBLIC_POINTING,NOT_IN_INITIAL_PROCESSING_CENSUS,Broader MINBAR census outside Phase I.,xte_j1810_189,272.5869,-19.069778,https://burst.sci.monash.edu/sources,True,False,0
XTE J1814-338,XTE J1814-338,NS,MINBAR direct evidence: 28 catalogue bursts; type=BOPT; P denotes pulsar. Secure neutron-star evidence.,https://burst.sci.monash.edu/sources | https://ui.adsabs.harvard.edu/abs/2003ApJ...596L..67S,,NOT_AUDITED,False,NO_VERIFIED_PUBLIC_POINTING,NOT_IN_INITIAL_PROCESSING_CENSUS,Broader MINBAR census outside Phase I.,xte_j1814_338,273.41266,-33.77286,https://burst.sci.monash.edu/sources,True,False,0
XTE J2123-058,XTE J2123-058,NS,MINBAR direct evidence: 6 catalogue bursts; type=TBAE; P denotes pulsar. Secure neutron-star evidence.,https://burst.sci.monash.edu/sources | https://ui.adsabs.harvard.edu/abs/1998IAUC.6958....2T,,NOT_AUDITED,False,NO_VERIFIED_PUBLIC_POINTING,NOT_IN_INITIAL_PROCESSING_CENSUS,Broader MINBAR census outside Phase I.,xte_j2123_058,320.81058,-5.798111,https://burst.sci.monash.edu/sources,True,False,0
1H 1715-321,1H 1715-321,UNRESOLVED,MINBAR direct evidence: 0 catalogue bursts; type=BT; P denotes pulsar. No positive burst count or pulsar flag adopted; not in secure census.,https://burst.sci.monash.edu/sources | https://ui.adsabs.harvard.edu/abs/1978ApJ...221L..57H,,NOT_AUDITED,False,NO_VERIFIED_PUBLIC_POINTING,NOT_IN_INITIAL_PROCESSING_CENSUS,Broader MINBAR census outside Phase I.,1h_1715_321,259.69592,-32.17043,https://burst.sci.monash.edu/sources,False,False,0
1RXH J173523.7-354013,1RXH J173523.7-354013,UNRESOLVED,MINBAR direct evidence: 0 catalogue bursts; type=B; P denotes pulsar. No positive burst count or pulsar flag adopted; not in secure census.,https://burst.sci.monash.edu/sources | https://ui.adsabs.harvard.edu/abs/2010MNRAS.404.1591D,,NOT_AUDITED,False,NO_VERIFIED_PUBLIC_POINTING,NOT_IN_INITIAL_PROCESSING_CENSUS,Broader MINBAR census outside Phase I.,1rxh_j173523_7_354013,263.8458,-35.67023,https://burst.sci.monash.edu/sources,False,False,0
4U 1543-624,4U 1543-624,UNRESOLVED,MINBAR direct evidence: 0 catalogue bursts; type=BC; P denotes pulsar. No positive burst count or pulsar flag adopted; not in secure census.,https://burst.sci.monash.edu/sources | https://ui.adsabs.harvard.edu/abs/2018ATel11302....1S,,NOT_AUDITED,False,NO_VERIFIED_PUBLIC_POINTING,NOT_IN_INITIAL_PROCESSING_CENSUS,Broader MINBAR census outside Phase I.,4u_1543_624,236.97787,-62.56817,https://burst.sci.monash.edu/sources,False,False,0
4U 1708-23,4U 1708-23,UNRESOLVED,MINBAR direct evidence: 0 catalogue bursts; type=B; P denotes pulsar. No positive burst count or pulsar flag adopted; not in secure census.,https://burst.sci.monash.edu/sources | https://ui.adsabs.harvard.edu/abs/1978ApJ...221L..57H,,NOT_AUDITED,False,NO_VERIFIED_PUBLIC_POINTING,NOT_IN_INITIAL_PROCESSING_CENSUS,Broader MINBAR census outside Phase I.,4u_1708_23,257.0958,-22.80333,https://burst.sci.monash.edu/sources,False,False,0
4U 1708-40,4U 1708-40,UNRESOLVED,MINBAR direct evidence: 0 catalogue bursts; type=B; P denotes pulsar. No positive burst count or pulsar flag adopted; not in secure census.,https://burst.sci.monash.edu/sources | https://ui.adsabs.harvard.edu/abs/2003MNRAS.342..909M,,NOT_AUDITED,False,NO_VERIFIED_PUBLIC_POINTING,NOT_IN_INITIAL_PROCESSING_CENSUS,Broader MINBAR census outside Phase I.,4u_1708_40,258.0993,-40.84278,https://burst.sci.monash.edu/sources,False,False,0
4U 1730-22,4U 1730-22,UNRESOLVED,MINBAR direct evidence: 0 catalogue bursts; type=ABOT; P denotes pulsar. No positive burst count or pulsar flag adopted; not in secure census.,https://burst.sci.monash.edu/sources | https://ui.adsabs.harvard.edu/abs/2021ATel14769....1B,,NOT_AUDITED,False,NO_VERIFIED_PUBLIC_POINTING,NOT_IN_INITIAL_PROCESSING_CENSUS,Broader MINBAR census outside Phase I.,4u_1730_22,263.489792,-22.0324722,https://burst.sci.monash.edu/sources,False,False,0
4U 1822-000,4U 1822-000,UNRESOLVED,MINBAR direct evidence: 0 catalogue bursts; type=B; P denotes pulsar. No positive burst count or pulsar flag adopted; not in secure census.,https://burst.sci.monash.edu/sources | https://ui.adsabs.harvard.edu/abs/2016ATel.8769....1A,,NOT_AUDITED,False,NO_VERIFIED_PUBLIC_POINTING,NOT_IN_INITIAL_PROCESSING_CENSUS,Broader MINBAR census outside Phase I.,4u_1822_000,276.34174,-0.01194444,https://burst.sci.monash.edu/sources,False,False,0
4XMM J174610.7-290020,4XMM J174610.7-290020,UNRESOLVED,MINBAR direct evidence:  catalogue bursts; type=B?T; P denotes pulsar. No positive burst count or pulsar flag adopted; not in secure census.,https://burst.sci.monash.edu/sources | https://ui.adsabs.harvard.edu/abs/2026A&A...705A.135S,,NOT_AUDITED,False,NO_VERIFIED_PUBLIC_POINTING,NOT_IN_INITIAL_PROCESSING_CENSUS,Broader MINBAR census outside Phase I.,4xmm_j174610_7_290020,266.5445,-29.0055833,https://burst.sci.monash.edu/sources,False,False,0
AX J1745.6-2901,AX J1745.6-2901,UNRESOLVED,MINBAR direct evidence: 0 catalogue bursts; type=TBE; P denotes pulsar. No positive burst count or pulsar flag adopted; not in secure census.,https://burst.sci.monash.edu/sources | https://ui.adsabs.harvard.edu/abs/1996PASJ...48..417M,,NOT_AUDITED,False,NO_VERIFIED_PUBLIC_POINTING,NOT_IN_INITIAL_PROCESSING_CENSUS,Broader MINBAR census outside Phase I.,ax_j1745_6_2901,266.39767,-29.026,https://burst.sci.monash.edu/sources,False,False,0
Cen X-4,Cen X-4,UNRESOLVED,MINBAR direct evidence: 0 catalogue bursts; type=BRT; P denotes pulsar. No positive burst count or pulsar flag adopted; not in secure census.,https://burst.sci.monash.edu/sources | https://ui.adsabs.harvard.edu/abs/1972ApJ...171L..87B,,NOT_AUDITED,False,NO_VERIFIED_PUBLIC_POINTING,NOT_IN_INITIAL_PROCESSING_CENSUS,Broader MINBAR census outside Phase I.,cen_x_4,224.59134,-31.668722,https://burst.sci.monash.edu/sources,False,False,0
EP J171159.4-333253,EP J171159.4-333253,UNRESOLVED,MINBAR direct evidence:  catalogue bursts; type=BT; P denotes pulsar. No positive burst count or pulsar flag adopted; not in secure census.,https://burst.sci.monash.edu/sources | https://ui.adsabs.harvard.edu/abs/2025ATel17247....1N,,NOT_AUDITED,False,NO_VERIFIED_PUBLIC_POINTING,NOT_IN_INITIAL_PROCESSING_CENSUS,Broader MINBAR census outside Phase I.,ep_j171159_4_333253,257.9974,-33.54763,https://burst.sci.monash.edu/sources,False,False,0
GRO J0422+32,GRO J0422+32,UNRESOLVED,BlackCAT Table A.4 dynamical evidence; M1= 2. Msun; references Webb2000;Casares1995c;Beekman1997;Harlaftis1999. Not counted: adopted evidence has a weak mass bound or lacks donor-star detection; needs primary follow-up.,https://arxiv.org/abs/1510.08869,,NOT_AUDITED,False,NO_VERIFIED_PUBLIC_POINTING,NOT_IN_INITIAL_PROCESSING_CENSUS,Broader dynamical-catalogue discovery outside the Phase-I roster.,gro_j0422_32,65.42829166666667,32.90752777777777,CDS J/A+A/587/A61 Table A.1,False,False,0
IGR J17445-2747,IGR J17445-2747,UNRESOLVED,MINBAR direct evidence: 0 catalogue bursts; type=BT; P denotes pulsar. No positive burst count or pulsar flag adopted; not in secure census.,https://burst.sci.monash.edu/sources | https://ui.adsabs.harvard.edu/abs/2017ATel10256....1M,,NOT_AUDITED,False,NO_VERIFIED_PUBLIC_POINTING,NOT_IN_INITIAL_PROCESSING_CENSUS,Broader MINBAR census outside Phase I.,igr_j17445_2747,266.12683,-27.766756,https://burst.sci.monash.edu/sources,False,False,0
MAXI J0556-332,MAXI J0556-332,UNRESOLVED,MINBAR direct evidence: 0 catalogue bursts; type=BTZ; P denotes pulsar. No positive burst count or pulsar flag adopted; not in secure census.,https://burst.sci.monash.edu/sources | https://ui.adsabs.harvard.edu/abs/2022ApJ...933..216P,,NOT_AUDITED,False,NO_VERIFIED_PUBLIC_POINTING,NOT_IN_INITIAL_PROCESSING_CENSUS,Broader MINBAR census outside Phase I.,maxi_j0556_332,89.193,-33.1745,https://burst.sci.monash.edu/sources,False,False,0
MAXI J1421-613,MAXI J1421-613,UNRESOLVED,MINBAR direct evidence: 0 catalogue bursts; type=BT; P denotes pulsar. No positive burst count or pulsar flag adopted; not in secure census.,https://burst.sci.monash.edu/sources | https://ui.adsabs.harvard.edu/abs/2014ATel.5765....1B,,NOT_AUDITED,False,NO_VERIFIED_PUBLIC_POINTING,NOT_IN_INITIAL_PROCESSING_CENSUS,Broader MINBAR census outside Phase I.,maxi_j1421_613,215.40837,-61.60692,https://burst.sci.monash.edu/sources,False,False,0
MAXI J1621-501,MAXI J1621-501,UNRESOLVED,MINBAR direct evidence: 0 catalogue bursts; type=BT; P denotes pulsar. No positive burst count or pulsar flag adopted; not in secure census.,https://burst.sci.monash.edu/sources | https://ui.adsabs.harvard.edu/abs/2017ATel11067....1B,,NOT_AUDITED,False,NO_VERIFIED_PUBLIC_POINTING,NOT_IN_INITIAL_PROCESSING_CENSUS,Broader MINBAR census outside Phase I.,maxi_j1621_501,245.0917,-50.01989,https://burst.sci.monash.edu/sources,False,False,0
MAXI J1647-227,MAXI J1647-227,UNRESOLVED,MINBAR direct evidence: 0 catalogue bursts; type=BT; P denotes pulsar. No positive burst count or pulsar flag adopted; not in secure census.,https://burst.sci.monash.edu/sources | https://ui.adsabs.harvard.edu/abs/2012ATel.4192....1K,,NOT_AUDITED,False,NO_VERIFIED_PUBLIC_POINTING,NOT_IN_INITIAL_PROCESSING_CENSUS,Broader MINBAR census outside Phase I.,maxi_j1647_227,252.05133,-23.014877,https://burst.sci.monash.edu/sources,False,False,0
MAXI J1752-457,MAXI J1752-457,UNRESOLVED,MINBAR direct evidence:  catalogue bursts; type=TS?; P denotes pulsar. No positive burst count or pulsar flag adopted; not in secure census.,https://burst.sci.monash.edu/sources | https://ui.adsabs.harvard.edu/abs/2024ATel16898....1S,,NOT_AUDITED,False,NO_VERIFIED_PUBLIC_POINTING,NOT_IN_INITIAL_PROCESSING_CENSUS,Broader MINBAR census outside Phase I.,maxi_j1752_457,268.26769,-45.8638,https://burst.sci.monash.edu/sources,False,False,0
MAXI J1807+132,MAXI J1807+132,UNRESOLVED,MINBAR direct evidence: 0 catalogue bursts; type=TB; P denotes pulsar. No positive burst count or pulsar flag adopted; not in secure census.,https://burst.sci.monash.edu/sources | https://ui.adsabs.harvard.edu/abs/2019ATel13239....1A,,NOT_AUDITED,False,NO_VERIFIED_PUBLIC_POINTING,NOT_IN_INITIAL_PROCESSING_CENSUS,Broader MINBAR census outside Phase I.,maxi_j1807_132,272.03143,13.2515,https://burst.sci.monash.edu/sources,False,False,0
SLX 1744-299,SLX 1744-299,UNRESOLVED,MINBAR direct evidence: 0 catalogue bursts; type=BT?C; P denotes pulsar. No positive burst count or pulsar flag adopted; not in secure census.,https://burst.sci.monash.edu/sources | https://ui.adsabs.harvard.edu/abs/1994ApJ...425..110P,,NOT_AUDITED,False,NO_VERIFIED_PUBLIC_POINTING,NOT_IN_INITIAL_PROCESSING_CENSUS,Broader MINBAR census outside Phase I.,slx_1744_299,266.85788,-30.000444,https://burst.sci.monash.edu/sources,False,False,0
SWIFT J1357.2-0933,SWIFT J1357.2-0933,UNRESOLVED,BlackCAT Table A.4 dynamical evidence; M1=> 8.9 Msun; references Corral-Santana2013;MataSanchez2015. Not counted: adopted evidence has a weak mass bound or lacks donor-star detection; needs primary follow-up.,https://arxiv.org/abs/1510.08869,,NOT_AUDITED,False,NO_VERIFIED_PUBLIC_POINTING,NOT_IN_INITIAL_PROCESSING_CENSUS,Broader dynamical-catalogue discovery outside the Phase-I roster.,swift_j1357_2_0933,209.32008333333332,-9.544041666666667,CDS J/A+A/587/A61 Table A.1,False,False,0
Swift J1734.5-3027,Swift J1734.5-3027,UNRESOLVED,MINBAR direct evidence: 0 catalogue bursts; type=BT; P denotes pulsar. No positive burst count or pulsar flag adopted; not in secure census.,https://burst.sci.monash.edu/sources | https://ui.adsabs.harvard.edu/abs/2013ATel.5354....1K,,NOT_AUDITED,False,NO_VERIFIED_PUBLIC_POINTING,NOT_IN_INITIAL_PROCESSING_CENSUS,Broader MINBAR census outside Phase I.,swift_j1734_5_3027,263.60074,-30.398056,https://burst.sci.monash.edu/sources,False,False,0
Swift J174805.3-244637,Swift J174805.3-244637,UNRESOLVED,MINBAR direct evidence: 0 catalogue bursts; type=BGT; P denotes pulsar. No positive burst count or pulsar flag adopted; not in secure census.,https://burst.sci.monash.edu/sources | https://ui.adsabs.harvard.edu/abs/2012ATel.4264....1A,,NOT_AUDITED,False,NO_VERIFIED_PUBLIC_POINTING,NOT_IN_INITIAL_PROCESSING_CENSUS,MINBAR discovery; cluster-marked fields require object-level contamination audit.,swift_j174805_3_244637,267.02255,-24.777222,https://burst.sci.monash.edu/sources,False,True,0
Swift J181723.1-164300,Swift J181723.1-164300,UNRESOLVED,MINBAR direct evidence: 0 catalogue bursts; type=TB; P denotes pulsar. No positive burst count or pulsar flag adopted; not in secure census.,https://burst.sci.monash.edu/sources | https://ui.adsabs.harvard.edu/abs/2017ATel10612....1P,,NOT_AUDITED,False,NO_VERIFIED_PUBLIC_POINTING,NOT_IN_INITIAL_PROCESSING_CENSUS,Broader MINBAR census outside Phase I.,swift_j181723_1_164300,274.34647,-16.716722,https://burst.sci.monash.edu/sources,False,False,0
Swift J185003.2-005627,Swift J185003.2-005627,UNRESOLVED,MINBAR direct evidence: 0 catalogue bursts; type=BT; P denotes pulsar. No positive burst count or pulsar flag adopted; not in secure census.,https://burst.sci.monash.edu/sources | https://ui.adsabs.harvard.edu/abs/2011ATel.3454....1B,,NOT_AUDITED,False,NO_VERIFIED_PUBLIC_POINTING,NOT_IN_INITIAL_PROCESSING_CENSUS,Broader MINBAR census outside Phase I.,swift_j185003_2_005627,282.5139,-0.93980557,https://burst.sci.monash.edu/sources,False,False,0
Swift J1858.6-0814,Swift J1858.6-0814,UNRESOLVED,MINBAR direct evidence: 0 catalogue bursts; type=BDT; P denotes pulsar. No positive burst count or pulsar flag adopted; not in secure census.,https://burst.sci.monash.edu/sources | https://ui.adsabs.harvard.edu/abs/2020ATel13563....1B,,NOT_AUDITED,False,NO_VERIFIED_PUBLIC_POINTING,NOT_IN_INITIAL_PROCESSING_CENSUS,Broader MINBAR census outside Phase I.,swift_j1858_6_0814,284.6455,-8.237775,https://burst.sci.monash.edu/sources,False,False,0
Swift J1922.7-1716,Swift J1922.7-1716,UNRESOLVED,MINBAR direct evidence: 0 catalogue bursts; type=BT; P denotes pulsar. No positive burst count or pulsar flag adopted; not in secure census.,https://burst.sci.monash.edu/sources | https://ui.adsabs.harvard.edu/abs/2011ATel.3741....1D,,NOT_AUDITED,False,NO_VERIFIED_PUBLIC_POINTING,NOT_IN_INITIAL_PROCESSING_CENSUS,Broader MINBAR census outside Phase I.,swift_j1922_7_1716,290.65414,-17.28363,https://burst.sci.monash.edu/sources,False,False,0
Terzan 6 X-2,Terzan 6 X-2,UNRESOLVED,MINBAR direct evidence: 0 catalogue bursts; type=BGE; P denotes pulsar. No positive burst count or pulsar flag adopted; not in secure census.,https://burst.sci.monash.edu/sources | https://ui.adsabs.harvard.edu/abs/2024ApJ...966..217V,,NOT_AUDITED,False,NO_VERIFIED_PUBLIC_POINTING,NOT_IN_INITIAL_PROCESSING_CENSUS,MINBAR discovery; cluster-marked fields require object-level contamination audit.,terzan_6_x_2,267.695437,-31.2748667,https://burst.sci.monash.edu/sources,False,True,0
UW CrB,UW CrB,UNRESOLVED,MINBAR direct evidence: 0 catalogue bursts; type=BDE; P denotes pulsar. No positive burst count or pulsar flag adopted; not in secure census.,https://burst.sci.monash.edu/sources | https://ui.adsabs.harvard.edu/abs/2001ApJ...561..938M,,NOT_AUDITED,False,NO_VERIFIED_PUBLIC_POINTING,NOT_IN_INITIAL_PROCESSING_CENSUS,Broader MINBAR census outside Phase I.,uw_crb,241.44113,25.862556,https://burst.sci.monash.edu/sources,False,False,0
XB 1905+000,XB 1905+000,UNRESOLVED,MINBAR direct evidence: 0 catalogue bursts; type=TBC; P denotes pulsar. No positive burst count or pulsar flag adopted; not in secure census.,https://burst.sci.monash.edu/sources | https://ui.adsabs.harvard.edu/abs/1976MNRAS.177P..93L,,NOT_AUDITED,False,NO_VERIFIED_PUBLIC_POINTING,NOT_IN_INITIAL_PROCESSING_CENSUS,Broader MINBAR census outside Phase I.,xb_1905_000,287.11255,0.16880834,https://burst.sci.monash.edu/sources,False,False,0
XB 1940-04,XB 1940-04,UNRESOLVED,MINBAR direct evidence: 0 catalogue bursts; type=B; P denotes pulsar. No positive burst count or pulsar flag adopted; not in secure census.,https://burst.sci.monash.edu/sources | https://ui.adsabs.harvard.edu/abs/1983PASJ...35..531M,,NOT_AUDITED,False,NO_VERIFIED_PUBLIC_POINTING,NOT_IN_INITIAL_PROCESSING_CENSUS,Broader MINBAR census outside Phase I.,xb_1940_04,295.65787,-3.8808944,https://burst.sci.monash.edu/sources,False,False,0
XB 2129+47,XB 2129+47,UNRESOLVED,MINBAR direct evidence: 0 catalogue bursts; type=BET; P denotes pulsar. No positive burst count or pulsar flag adopted; not in secure census.,https://burst.sci.monash.edu/sources | https://ui.adsabs.harvard.edu/abs/1987ApJ...313L..59G,,NOT_AUDITED,False,NO_VERIFIED_PUBLIC_POINTING,NOT_IN_INITIAL_PROCESSING_CENSUS,Broader MINBAR census outside Phase I.,xb_2129_47,322.85913,47.290195,https://burst.sci.monash.edu/sources,False,False,0
XMM J174457-2850.3,XMM J174457-2850.3,UNRESOLVED,MINBAR direct evidence: 0 catalogue bursts; type=BT; P denotes pulsar. No positive burst count or pulsar flag adopted; not in secure census.,https://burst.sci.monash.edu/sources | https://ui.adsabs.harvard.edu/abs/2012ATel.4308....1D,,NOT_AUDITED,False,NO_VERIFIED_PUBLIC_POINTING,NOT_IN_INITIAL_PROCESSING_CENSUS,Broader MINBAR census outside Phase I.,xmm_j174457_2850_3,266.23892,-28.83897,https://burst.sci.monash.edu/sources,False,False,0
XTE J1650-500,XTE J1650-500,UNRESOLVED,BlackCAT Table A.4 dynamical evidence; M1=<= 7.3 Msun; references Orosz2004. Not counted: adopted evidence has a weak mass bound or lacks donor-star detection; needs primary follow-up.,https://arxiv.org/abs/1510.08869,,NOT_AUDITED,False,NO_VERIFIED_PUBLIC_POINTING,NOT_IN_INITIAL_PROCESSING_CENSUS,Broader dynamical-catalogue discovery outside the Phase-I roster.,xte_j1650_500,252.5040833333333,-49.96211111111111,CDS J/A+A/587/A61 Table A.1,False,False,0
