mission,obsid,physical_source
RXTE,80431-01-02-03,1a_1744_361
RXTE,80431-01-03-00,1a_1744_361
RXTE,91050-05-02-00,1a_1744_361
RXTE,93155-01-02-00,1a_1744_361
RXTE,93155-01-06-01,1a_1744_361
RXTE,93155-01-08-00,1a_1744_361
RXTE,95416-01-01-00,1a_1744_361
RXTE,96437-01-02-00,1a_1744_361
RXTE,10095-01-01-00,4u_0614_09
RXTE,40429-01-03-01,4u_0614_09
RXTE,50031-01-04-08,4u_0614_09
RXTE,80051-02-01-02,4u_0614_09
RXTE,92411-01-01-02,4u_0614_09
RXTE,93404-01-07-00,4u_0614_09
RXTE,95404-01-01-01,4u_0614_09
RXTE,96307-01-10-00,4u_0614_09
RXTE,90036-01-01-01,4u_1254_69
RXTE,90036-01-01-02,4u_1254_69
RXTE,90036-01-01-03,4u_1254_69
RXTE,90036-01-02-01,4u_1254_69
RXTE,93406-13-01-00,4u_1254_69
RXTE,95324-01-01-01,4u_1254_69
RXTE,95324-01-02-00,4u_1254_69
RXTE,95324-01-02-01,4u_1254_69
RXTE,70133-01-26-01,4u_1543_475
RXTE,70133-01-31-00,4u_1543_475
RXTE,70124-02-06-00,4u_1543_475
RXTE,70124-02-11-00,4u_1543_475
RXTE,10093-01-01-01,4u_1608_522
RXTE,60052-02-04-03,4u_1608_522
RXTE,70069-01-03-01,4u_1608_522
RXTE,92401-01-11-03,4u_1608_522
RXTE,93408-01-26-03,4u_1608_522
RXTE,93408-01-66-01,4u_1608_522
RXTE,94401-01-34-00,4u_1608_522
RXTE,96423-01-39-02,4u_1608_522
RXTE,30053-02-01-00,4u_1636_536
RXTE,60032-05-15-00,4u_1636_536
RXTE,92023-02-08-00,4u_1636_536
RXTE,91024-01-85-10,4u_1636_536
RXTE,93087-01-36-10,4u_1636_536
RXTE,94087-01-49-00,4u_1636_536
RXTE,95087-01-15-10,4u_1636_536
RXTE,96087-01-84-10,4u_1636_536
RXTE,20084-02-01-00,4u_1702_429
RXTE,40025-04-02-00,4u_1702_429
RXTE,50030-01-01-03,4u_1702_429
RXTE,50025-01-01-01,4u_1702_429
RXTE,50030-01-07-00,4u_1702_429
RXTE,50030-01-10-00,4u_1702_429
RXTE,50030-01-13-01,4u_1702_429
RXTE,94415-01-02-01,4u_1702_429
RXTE,70038-01-01-00,4u_1705_44
RXTE,91039-01-02-61,4u_1705_44
RXTE,93060-01-58-00,4u_1705_44
RXTE,93060-01-14-10,4u_1705_44
RXTE,94060-01-46-00,4u_1705_44
RXTE,95060-01-36-00,4u_1705_44
RXTE,96060-01-23-00,4u_1705_44
RXTE,96060-01-78-00,4u_1705_44
RXTE,10410-01-01-00,4u_1728_34
RXTE,40033-06-02-05,4u_1728_34
RXTE,50023-01-19-00,4u_1728_34
RXTE,70028-01-01-08,4u_1728_34
RXTE,92023-03-52-00,4u_1728_34
RXTE,92023-03-22-10,4u_1728_34
RXTE,92023-03-68-00,4u_1728_34
RXTE,96322-01-05-00,4u_1728_34
RXTE,20084-01-01-00,4u_1735_444
RXTE,40030-02-09-01,4u_1735_444
RXTE,50026-01-01-03,4u_1735_444
RXTE,91025-01-04-06,4u_1735_444
RXTE,91025-01-08-05,4u_1735_444
RXTE,91025-01-09-18,4u_1735_444
RXTE,93200-01-01-04,4u_1735_444
RXTE,96331-01-03-02,4u_1735_444
RXTE,70050-01-01-01,4u_1746_37
RXTE,70050-01-01-05,4u_1746_37
RXTE,70050-01-01-04,4u_1746_37
RXTE,70050-01-01-07,4u_1746_37
RXTE,70050-01-01-09,4u_1746_37
RXTE,90044-01-01-00,4u_1746_37
RXTE,90044-01-03-00,4u_1746_37
RXTE,91037-15-01-00,4u_1746_37
RXTE,20098-03-01-00,aql_x_1
RXTE,30073-05-01-00,aql_x_1
RXTE,50049-01-05-01,aql_x_1
RXTE,70069-03-02-03,aql_x_1
RXTE,91028-01-01-00,aql_x_1
RXTE,93076-01-09-00,aql_x_1
RXTE,94441-01-01-02,aql_x_1
RXTE,96440-01-08-06,aql_x_1
RXTE,20053-04-01-01,cyg_x_2
RXTE,40017-02-16-06,cyg_x_2
RXTE,70014-02-02-00,cyg_x_2
RXTE,90030-01-53-00,cyg_x_2
RXTE,91010-01-01-05,cyg_x_2
RXTE,90030-01-95-00,cyg_x_2
RXTE,95345-01-42-00,cyg_x_2
RXTE,90058-16-05-00,gro_j1655_40
RXTE,91702-01-71-04,gro_j1655_40
RXTE,20187-02-01-00,grs_1915_105
RXTE,40703-01-41-02,grs_1915_105
RXTE,80127-01-01-00,grs_1915_105
RXTE,90105-03-02-02,grs_1915_105
RXTE,20431-01-03-00,gs_1354_64
RXTE,20431-01-04-00,gs_1354_64
RXTE,20431-01-05-00,gs_1354_64
RXTE,30401-01-01-00,gs_1354_64
RXTE,30401-01-02-00,gs_1354_64
RXTE,30401-01-03-00,gs_1354_64
RXTE,30401-01-04-00,gs_1354_64
RXTE,10420-01-01-00,gx_339_4
RXTE,70109-01-28-00,gx_339_4
RXTE,80132-01-15-00,gx_339_4
RXTE,60705-01-80-00,gx_339_4
RXTE,92085-02-01-00,gx_339_4
RXTE,93409-01-04-01,gx_339_4
RXTE,96409-01-02-03,gx_339_4
RXTE,91015-01-01-00,hete_j1900_1_2455
RXTE,91057-01-03-01,hete_j1900_1_2455
RXTE,92049-01-04-00,hete_j1900_1_2455
RXTE,92049-01-49-00,hete_j1900_1_2455
RXTE,93030-01-48-00,hete_j1900_1_2455
RXTE,94030-01-24-00,hete_j1900_1_2455
RXTE,95030-01-27-00,hete_j1900_1_2455
RXTE,96030-01-32-00,hete_j1900_1_2455
RXTE,90052-03-01-00,igr_j00291_5934
RXTE,90425-01-01-13,igr_j00291_5934
RXTE,90425-01-02-14,igr_j00291_5934
RXTE,93013-07-18-00,igr_j00291_5934
RXTE,10416-01-01-00,ks_1731_260
RXTE,30061-01-01-02,ks_1731_260
RXTE,30061-01-02-06,ks_1731_260
RXTE,30061-01-04-00,ks_1731_260
RXTE,50031-02-01-01,ks_1731_260
RXTE,50031-02-02-04,ks_1731_260
RXTE,50031-02-03-00,ks_1731_260
RXTE,50031-02-03-08,ks_1731_260
RXTE,40414-01-01-00,mxb_1658_298
RXTE,40414-01-02-00,mxb_1658_298
RXTE,40414-01-14-00,mxb_1658_298
RXTE,50410-01-03-00,mxb_1658_298
RXTE,60048-01-02-00,mxb_1658_298
RXTE,60048-02-01-00,mxb_1658_298
RXTE,60048-03-03-00,mxb_1658_298
RXTE,60419-01-01-00,mxb_1658_298
RXTE,60084-03-02-00,sax_j1750_8_2900
RXTE,93044-08-02-00,sax_j1750_8_2900
RXTE,93432-01-02-05,sax_j1750_8_2900
RXTE,93432-01-05-02,sax_j1750_8_2900
RXTE,93432-01-08-01,sax_j1750_8_2900
RXTE,93432-01-11-03,sax_j1750_8_2900
RXTE,93432-01-14-03,sax_j1750_8_2900
RXTE,93432-01-17-02,sax_j1750_8_2900
RXTE,96085-04-01-00,sax_j1806_5_2215
RXTE,96085-04-03-03,sax_j1806_5_2215
RXTE,96085-04-05-03,sax_j1806_5_2215
RXTE,96085-04-09-00,sax_j1806_5_2215
RXTE,96085-04-13-00,sax_j1806_5_2215
RXTE,96085-04-19-00,sax_j1806_5_2215
RXTE,96085-04-29-00,sax_j1806_5_2215
RXTE,96085-04-33-00,sax_j1806_5_2215
RXTE,70080-01-02-03,sax_j1808_4_3658
RXTE,70080-01-03-12,sax_j1808_4_3658
RXTE,70080-02-02-35,sax_j1808_4_3658
RXTE,70080-03-20-10,sax_j1808_4_3658
RXTE,91056-01-03-09,sax_j1808_4_3658
RXTE,93027-01-02-00,sax_j1808_4_3658
RXTE,96027-01-02-07,sax_j1808_4_3658
RXTE,93044-02-06-00,sax_j1810_8_2609
RXTE,93414-01-01-02,sax_j1810_8_2609
RXTE,93414-01-04-01,sax_j1810_8_2609
RXTE,93093-01-01-01,sax_j1810_8_2609
RXTE,93093-01-02-03,sax_j1810_8_2609
RXTE,93093-01-02-08,sax_j1810_8_2609
RXTE,93414-01-05-01,sax_j1810_8_2609
RXTE,40025-03-01-00,ser_x_1
RXTE,40025-03-01-02,ser_x_1
RXTE,40426-01-01-00,ser_x_1
RXTE,70027-04-01-00,ser_x_1
RXTE,70014-03-01-00,ser_x_1
RXTE,70014-03-01-01,ser_x_1
RXTE,70014-03-02-01,ser_x_1
RXTE,70027-04-08-00,ser_x_1
RXTE,20170-03-01-00,slx_1735_269
RXTE,20170-03-11-00,slx_1735_269
RXTE,60034-01-02-03,slx_1735_269
RXTE,80138-03-04-00,slx_1735_269
RXTE,80138-03-08-00,slx_1735_269
RXTE,94044-05-01-00,slx_1735_269
RXTE,96429-01-05-00,slx_1735_269
RXTE,96429-01-08-03,slx_1735_269
RXTE,80054-08-01-00,v4641_sgr
RXTE,80054-08-01-01,v4641_sgr
RXTE,80054-08-02-00,v4641_sgr
RXTE,91422-01-01-00,v4641_sgr
RXTE,95436-01-01-00,v4641_sgr
RXTE,50137-01-01-00,xte_j1118_480
RXTE,50407-01-02-00,xte_j1118_480
RXTE,50407-01-05-01,xte_j1118_480
RXTE,50407-01-10-01,xte_j1118_480
RXTE,50407-01-15-00,xte_j1118_480
RXTE,90011-01-01-09,xte_j1118_480
RXTE,90111-01-02-02,xte_j1118_480
RXTE,40401-01-96-01,xte_j1550_564
RXTE,50134-01-05-00,xte_j1550_564
RXTE,80135-01-04-01,xte_j1550_564
RXTE,40124-01-38-00,xte_j1859_226
RXTE,40124-01-49-00,xte_j1859_226
RXTE,40124-01-55-00,xte_j1859_226
RXTE,40124-01-58-03,xte_j1859_226
RXTE,40440-01-03-00,xte_j1859_226
NuSTAR,90801312001,1a_1744_361
NuSTAR,80001040002,1rxs_j180408_9_342058
NuSTAR,80001040004,1rxs_j180408_9_342058
NuSTAR,90101003002,1rxs_j180408_9_342058
NuSTAR,30363002002,4u_0614_09
NuSTAR,30702009006,4u_0614_09
NuSTAR,30702009010,4u_0614_09
NuSTAR,31001021002,4u_1323_62
NuSTAR,80701319002,4u_1543_475
NuSTAR,80702317002,4u_1543_475
NuSTAR,90702326002,4u_1543_475
NuSTAR,90702326004,4u_1543_475
NuSTAR,90702326008,4u_1543_475
NuSTAR,80401321001,4u_1608_522
NuSTAR,80401321002,4u_1608_522
NuSTAR,90002002002,4u_1608_522
NuSTAR,30101024002,4u_1636_536
NuSTAR,30102014002,4u_1636_536
NuSTAR,30102014004,4u_1636_536
NuSTAR,30102014006,4u_1636_536
NuSTAR,30401014002,4u_1636_536
NuSTAR,30101025002,4u_1705_44
NuSTAR,30401020002,4u_1728_34
NuSTAR,30401020004,4u_1728_34
NuSTAR,30401020006,4u_1728_34
NuSTAR,30401020008,4u_1728_34
NuSTAR,30401020010,4u_1728_34
NuSTAR,30401020012,4u_1728_34
NuSTAR,80001012002,4u_1728_34
NuSTAR,80001012004,4u_1728_34
NuSTAR,90501312002,4u_1728_34
NuSTAR,30363003002,4u_1735_444
NuSTAR,31001011002,4u_1735_444
NuSTAR,30363004002,4u_1746_37
NuSTAR,31101029002,4u_1812_12
NuSTAR,80001034003,aql_x_1
NuSTAR,80001043002,aql_x_1
NuSTAR,90202033002,aql_x_1
NuSTAR,30401013002,cir_x_1
NuSTAR,30602026004,cir_x_1
NuSTAR,30902037004,cir_x_1
NuSTAR,31102015004,cir_x_1
NuSTAR,31102015006,cir_x_1
NuSTAR,10002003001,cyg_x_1
NuSTAR,30001011003,cyg_x_1
NuSTAR,30001011005,cyg_x_1
NuSTAR,30001011007,cyg_x_1
NuSTAR,30001011009,cyg_x_1
NuSTAR,30001011011,cyg_x_1
NuSTAR,30002150002,cyg_x_1
NuSTAR,30002150004,cyg_x_1
NuSTAR,30002150006,cyg_x_1
NuSTAR,30002150008,cyg_x_1
NuSTAR,30101022002,cyg_x_1
NuSTAR,30202032002,cyg_x_1
NuSTAR,30302019002,cyg_x_1
NuSTAR,30302019004,cyg_x_1
NuSTAR,30302019006,cyg_x_1
NuSTAR,30302019008,cyg_x_1
NuSTAR,30302019010,cyg_x_1
NuSTAR,30302019012,cyg_x_1
NuSTAR,30702017002,cyg_x_1
NuSTAR,30702017004,cyg_x_1
NuSTAR,30702017006,cyg_x_1
NuSTAR,80502335002,cyg_x_1
NuSTAR,80502335004,cyg_x_1
NuSTAR,80502335006,cyg_x_1
NuSTAR,80902318002,cyg_x_1
NuSTAR,80902318004,cyg_x_1
NuSTAR,80902318006,cyg_x_1
NuSTAR,90101019002,cyg_x_1
NuSTAR,90101020002,cyg_x_1
NuSTAR,90802013002,cyg_x_1
NuSTAR,90802013004,cyg_x_1
NuSTAR,91201326002,cyg_x_1
NuSTAR,11001313004,cyg_x_2
NuSTAR,11001313006,cyg_x_2
NuSTAR,11001313008,cyg_x_2
NuSTAR,11001313013,cyg_x_2
NuSTAR,11001313014,cyg_x_2
NuSTAR,30001141002,cyg_x_2
NuSTAR,80511301002,cyg_x_2
NuSTAR,80511301004,cyg_x_2
NuSTAR,30801026002,exo_0748_676
NuSTAR,91001324001,exo_0748_676
NuSTAR,91001324002,exo_0748_676
NuSTAR,90601317002,grs_1741_9_2853
NuSTAR,10002004001,grs_1915_105
NuSTAR,10102003002,grs_1915_105
NuSTAR,30102037002,grs_1915_105
NuSTAR,30102037004,grs_1915_105
NuSTAR,30202033002,grs_1915_105
NuSTAR,30202033004,grs_1915_105
NuSTAR,30302018002,grs_1915_105
NuSTAR,30302018004,grs_1915_105
NuSTAR,30302020002,grs_1915_105
NuSTAR,30302020004,grs_1915_105
NuSTAR,30302020006,grs_1915_105
NuSTAR,30302020008,grs_1915_105
NuSTAR,30502008002,grs_1915_105
NuSTAR,30502008004,grs_1915_105
NuSTAR,30502008006,grs_1915_105
NuSTAR,30602008002,grs_1915_105
NuSTAR,30602008004,grs_1915_105
NuSTAR,30802017004,grs_1915_105
NuSTAR,31101004002,grs_1915_105
NuSTAR,80401312002,grs_1915_105
NuSTAR,90001001002,grs_1915_105
NuSTAR,90201053002,grs_1915_105
NuSTAR,90202045002,grs_1915_105
NuSTAR,90202045004,grs_1915_105
NuSTAR,90301001002,grs_1915_105
NuSTAR,90501321002,grs_1915_105
NuSTAR,90501346002,grs_1915_105
NuSTAR,90701323002,grs_1915_105
NuSTAR,90701332002,grs_1915_105
NuSTAR,91201302003,gs_1354_64
NuSTAR,91202311002,gs_1354_64
NuSTAR,91202311006,gs_1354_64
NuSTAR,91202311014,gs_1354_64
NuSTAR,30301003002,gx_13_1
NuSTAR,30101023002,gx_17_2
NuSTAR,30902026004,gx_17_2
NuSTAR,30902026006,gx_17_2
NuSTAR,30902026008,gx_17_2
NuSTAR,91001339002,gx_17_2
NuSTAR,30363001002,gx_3_1
NuSTAR,31001012002,gx_3_1
NuSTAR,80001013002,gx_339_4
NuSTAR,80001013004,gx_339_4
NuSTAR,80001013006,gx_339_4
NuSTAR,80001013007,gx_339_4
NuSTAR,80001013008,gx_339_4
NuSTAR,80001013010,gx_339_4
NuSTAR,80001015003,gx_339_4
NuSTAR,80102011002,gx_339_4
NuSTAR,80102011003,gx_339_4
NuSTAR,80102011004,gx_339_4
NuSTAR,80102011006,gx_339_4
NuSTAR,80102011008,gx_339_4
NuSTAR,80102011010,gx_339_4
NuSTAR,80102011012,gx_339_4
NuSTAR,80302304002,gx_339_4
NuSTAR,80302304004,gx_339_4
NuSTAR,80302304005,gx_339_4
NuSTAR,80302304007,gx_339_4
NuSTAR,80502325002,gx_339_4
NuSTAR,80502325004,gx_339_4
NuSTAR,80502325006,gx_339_4
NuSTAR,80502325008,gx_339_4
NuSTAR,80601302004,gx_339_4
NuSTAR,80601302006,gx_339_4
NuSTAR,80802320002,gx_339_4
NuSTAR,81160302004,gx_339_4
NuSTAR,81160302006,gx_339_4
NuSTAR,90401369002,gx_339_4
NuSTAR,90502356004,gx_339_4
NuSTAR,90101010002,igr_j00291_5934
NuSTAR,30101034002,igr_j17062_6143
NuSTAR,30201018002,igr_j17062_6143
NuSTAR,30801032002,igr_j17062_6143
NuSTAR,90401312002,igr_j17379_3747
NuSTAR,90601333002,igr_j17379_3747
NuSTAR,90901317002,igr_j17498_2921
NuSTAR,90101001002,igr_j17511_3057
NuSTAR,91101304002,igr_j17511_3057
NuSTAR,80301311002,igr_j17591_2342
NuSTAR,90401331002,igr_j17591_2342
NuSTAR,30001143002,lmc_x_1
NuSTAR,30201029001,lmc_x_1
NuSTAR,30201029002,lmc_x_1
NuSTAR,90801324002,lmc_x_1
NuSTAR,10601308001,lmc_x_3
NuSTAR,10601308002,lmc_x_3
NuSTAR,10601308003,lmc_x_3
NuSTAR,10601308004,lmc_x_3
NuSTAR,30101052002,lmc_x_3
NuSTAR,30402035002,lmc_x_3
NuSTAR,30402035004,lmc_x_3
NuSTAR,30402035006,lmc_x_3
NuSTAR,30402035007,lmc_x_3
NuSTAR,30402035008,lmc_x_3
NuSTAR,30802016002,lmc_x_3
NuSTAR,30802016004,lmc_x_3
NuSTAR,30802016006,lmc_x_3
NuSTAR,30802016008,lmc_x_3
NuSTAR,30902041002,lmc_x_3
NuSTAR,30902041003,lmc_x_3
NuSTAR,30902041004,lmc_x_3
NuSTAR,30902041005,lmc_x_3
NuSTAR,30902041006,lmc_x_3
NuSTAR,31002032001,lmc_x_3
NuSTAR,31002032002,lmc_x_3
NuSTAR,31002032004,lmc_x_3
NuSTAR,31002032006,lmc_x_3
NuSTAR,90801315001,maxi_j1816_195
NuSTAR,90401309002,maxi_j1820_070
NuSTAR,90401309004,maxi_j1820_070
NuSTAR,90401309006,maxi_j1820_070
NuSTAR,90401309008,maxi_j1820_070
NuSTAR,90401309010,maxi_j1820_070
NuSTAR,90401309012,maxi_j1820_070
NuSTAR,90401309013,maxi_j1820_070
NuSTAR,90401309014,maxi_j1820_070
NuSTAR,90401309016,maxi_j1820_070
NuSTAR,90401309018,maxi_j1820_070
NuSTAR,90401309019,maxi_j1820_070
NuSTAR,90401309021,maxi_j1820_070
NuSTAR,90401309025,maxi_j1820_070
NuSTAR,90401309026,maxi_j1820_070
NuSTAR,90401309027,maxi_j1820_070
NuSTAR,90401309029,maxi_j1820_070
NuSTAR,90401309031,maxi_j1820_070
NuSTAR,90401309033,maxi_j1820_070
NuSTAR,90401309035,maxi_j1820_070
NuSTAR,90401309037,maxi_j1820_070
NuSTAR,90401309039,maxi_j1820_070
NuSTAR,90401324002,maxi_j1820_070
NuSTAR,90501311002,maxi_j1820_070
NuSTAR,90501320002,maxi_j1820_070
NuSTAR,90501337002,maxi_j1820_070
NuSTAR,90501337004,maxi_j1820_070
NuSTAR,80701312002,sax_j1808_4_3658
NuSTAR,81101346002,sax_j1808_4_3658
NuSTAR,90102003002,sax_j1808_4_3658
NuSTAR,90102003004,sax_j1808_4_3658
NuSTAR,90102003006,sax_j1808_4_3658
NuSTAR,90501335002,sax_j1808_4_3658
NuSTAR,91101333004,sax_j1808_4_3658
NuSTAR,30601007002,slx_1735_269
NuSTAR,30001013002,ser_x_1
NuSTAR,30001013004,ser_x_1
NuSTAR,30301021002,ser_x_1
NuSTAR,30901004002,ser_x_1
NuSTAR,30001010003,v404_cyg
NuSTAR,30001010005,v404_cyg
NuSTAR,90102007002,v404_cyg
NuSTAR,90102007003,v404_cyg
NuSTAR,90102007005,v404_cyg
NuSTAR,90102007009,v404_cyg
NuSTAR,90102007011,v404_cyg
NuSTAR,90102007013,v404_cyg
NuSTAR,90102007015,v404_cyg
NuSTAR,80002012004,v4641_sgr
NuSTAR,90102011002,v4641_sgr
NuSTAR,90802322002,xte_j1701_462
NuSTAR,90901311002,xte_j1701_462
NuSTAR,90501343002,xte_j1739_285
NuSTAR,90601307002,xte_j1739_285
NuSTAR,91201339002,xte_j1739_285
NuSTAR,90701305002,xte_j1859_226
