cohort,model,source_id,source_name,true_class,native_state_label,observations,mean_p_NS,median_p_NS,min_p_NS,max_p_NS,fraction_correct
EXPANDED_SOURCE,forest,1a_1744_361,1A 1744-361,NS,NS_ATOLL_BANANA,2,0.975650155884564,0.975650155884564,0.9713644415988498,0.9799358701702784,1.0
EXPANDED_SOURCE,forest,4u_1543_475,4U 1543-475,BH,BH_HARD,1,0.8575963203463205,0.8575963203463205,0.8575963203463205,0.8575963203463205,0.0
EXPANDED_SOURCE,forest,4u_1543_475,4U 1543-475,BH,BH_THERMAL_DOMINANT,1,0.7129960317460318,0.7129960317460318,0.7129960317460318,0.7129960317460318,0.0
EXPANDED_SOURCE,forest,4u_1608_522,4U 1608-522,NS,NS_ATOLL_ISLAND,1,0.8754093289017837,0.8754093289017837,0.8754093289017837,0.8754093289017837,1.0
EXPANDED_SOURCE,forest,gro_j1655_40,GRO J1655-40,BH,BH_LOW_HARD,1,0.5957538947786205,0.5957538947786205,0.5957538947786205,0.5957538947786205,0.0
EXPANDED_SOURCE,forest,gs_1354_64,GS 1354-64,BH,BH_LOW_HARD,7,0.41175120478395794,0.4446188288795636,0.1020137155187048,0.7502214751859438,0.5714285714285714
EXPANDED_SOURCE,forest,gx_339_4,GX 339-4,BH,BH_HIGH_SOFT,1,0.5703544397780373,0.5703544397780373,0.5703544397780373,0.5703544397780373,0.0
EXPANDED_SOURCE,forest,ks_1731_260,KS 1731-260,NS,NS_ATOLL_BANANA,3,0.977707423483751,0.9826728998272414,0.9647852317479594,0.9856641388760522,1.0
EXPANDED_SOURCE,forest,ks_1731_260,KS 1731-260,NS,NS_ATOLL_ISLAND,1,0.8301908128666307,0.8301908128666307,0.8301908128666307,0.8301908128666307,1.0
EXPANDED_SOURCE,forest,sax_j1810_8_2609,SAX J1810.8-2609,NS,NS_LOW_HARD,5,0.6942701402084974,0.68291910369831,0.6335673102876356,0.7434989458597978,1.0
EXPANDED_SOURCE,forest,ser_x_1,Ser X-1,NS,NS_ATOLL_BANANA,1,0.9764163502259126,0.9764163502259126,0.9764163502259126,0.9764163502259126,1.0
EXPANDED_SOURCE,forest,ser_x_1,Ser X-1,NS,NS_ATOLL_UPPER_BANANA,1,0.9708330703799564,0.9708330703799564,0.9708330703799564,0.9708330703799564,1.0
EXPANDED_SOURCE,forest,v4641_sgr,V4641 Sgr,BH,BH_LOW_HARD,2,0.2747869722061179,0.2747869722061179,0.1912630471216687,0.3583108972905671,1.0
EXPANDED_SOURCE,forest,xte_j1118_480,XTE J1118+480,BH,BH_LOW_HARD,7,0.817273781503589,0.8379234907535643,0.7543557873251439,0.8775990104669458,0.0
EXPANDED_SOURCE,forest,xte_j1550_564,XTE J1550-564,BH,BH_LOW_HARD,1,0.0953983696042519,0.0953983696042519,0.0953983696042519,0.0953983696042519,1.0
EXPANDED_SOURCE,forest,xte_j1859_226,XTE J1859+226,BH,BH_SOFT_INTERMEDIATE,1,0.9096748888016776,0.9096748888016776,0.9096748888016776,0.9096748888016776,0.0
EXPANDED_SOURCE,logistic,1a_1744_361,1A 1744-361,NS,NS_ATOLL_BANANA,2,0.7073645296131947,0.7073645296131947,0.7069559823358427,0.7077730768905467,1.0
EXPANDED_SOURCE,logistic,4u_1543_475,4U 1543-475,BH,BH_HARD,1,0.6908885159280004,0.6908885159280004,0.6908885159280004,0.6908885159280004,0.0
EXPANDED_SOURCE,logistic,4u_1543_475,4U 1543-475,BH,BH_THERMAL_DOMINANT,1,0.6622234897178282,0.6622234897178282,0.6622234897178282,0.6622234897178282,0.0
EXPANDED_SOURCE,logistic,4u_1608_522,4U 1608-522,NS,NS_ATOLL_ISLAND,1,0.6264334611048925,0.6264334611048925,0.6264334611048925,0.6264334611048925,1.0
EXPANDED_SOURCE,logistic,gro_j1655_40,GRO J1655-40,BH,BH_LOW_HARD,1,0.5227247072069384,0.5227247072069384,0.5227247072069384,0.5227247072069384,0.0
EXPANDED_SOURCE,logistic,gs_1354_64,GS 1354-64,BH,BH_LOW_HARD,7,0.3212781951744903,0.324872350276202,0.1927719257505436,0.4779140537409639,1.0
EXPANDED_SOURCE,logistic,gx_339_4,GX 339-4,BH,BH_HIGH_SOFT,1,0.6864003898140305,0.6864003898140305,0.6864003898140305,0.6864003898140305,0.0
EXPANDED_SOURCE,logistic,ks_1731_260,KS 1731-260,NS,NS_ATOLL_BANANA,3,0.7366411655007884,0.7374898950121715,0.728286531167478,0.7441470703227159,1.0
EXPANDED_SOURCE,logistic,ks_1731_260,KS 1731-260,NS,NS_ATOLL_ISLAND,1,0.4699576893570443,0.4699576893570443,0.4699576893570443,0.4699576893570443,0.0
EXPANDED_SOURCE,logistic,sax_j1810_8_2609,SAX J1810.8-2609,NS,NS_LOW_HARD,5,0.5692206730528371,0.5562035456604515,0.5351993111617062,0.6253474522869918,1.0
EXPANDED_SOURCE,logistic,ser_x_1,Ser X-1,NS,NS_ATOLL_BANANA,1,0.7289739714882851,0.7289739714882851,0.7289739714882851,0.7289739714882851,1.0
EXPANDED_SOURCE,logistic,ser_x_1,Ser X-1,NS,NS_ATOLL_UPPER_BANANA,1,0.7552818665321673,0.7552818665321673,0.7552818665321673,0.7552818665321673,1.0
EXPANDED_SOURCE,logistic,v4641_sgr,V4641 Sgr,BH,BH_LOW_HARD,2,0.35323110144191805,0.35323110144191805,0.2163627454241288,0.4900994574597073,1.0
EXPANDED_SOURCE,logistic,xte_j1118_480,XTE J1118+480,BH,BH_LOW_HARD,7,0.5294327399868709,0.5056217149042768,0.4020210633695914,0.651080908924062,0.42857142857142855
EXPANDED_SOURCE,logistic,xte_j1550_564,XTE J1550-564,BH,BH_LOW_HARD,1,0.0482580222590788,0.0482580222590788,0.0482580222590788,0.0482580222590788,1.0
EXPANDED_SOURCE,logistic,xte_j1859_226,XTE J1859+226,BH,BH_SOFT_INTERMEDIATE,1,0.6037430941933875,0.6037430941933875,0.6037430941933875,0.6037430941933875,0.0
HEASOFT_MATCHED,forest,1a_1744_361,1A 1744-361,NS,NS_ATOLL_BANANA,2,0.9850664637789968,0.9850664637789968,0.983304579920976,0.9868283476370174,1.0
HEASOFT_MATCHED,forest,4u_1543_475,4U 1543-475,BH,BH_HARD,1,0.7652473675749266,0.7652473675749266,0.7652473675749266,0.7652473675749266,0.0
HEASOFT_MATCHED,forest,4u_1543_475,4U 1543-475,BH,BH_THERMAL_DOMINANT,1,0.7373003451512267,0.7373003451512267,0.7373003451512267,0.7373003451512267,0.0
HEASOFT_MATCHED,forest,gs_1354_64,GS 1354-64,BH,BH_LOW_HARD,7,0.46605967037945345,0.5918055978322778,0.1546531090635176,0.7814528286431571,0.42857142857142855
HEASOFT_MATCHED,forest,gx_339_4,GX 339-4,BH,BH_HIGH_SOFT,1,0.5461721631084369,0.5461721631084369,0.5461721631084369,0.5461721631084369,0.0
HEASOFT_MATCHED,forest,ks_1731_260,KS 1731-260,NS,NS_ATOLL_BANANA,3,0.9900372710984146,0.991128934811046,0.9878539436731518,0.991128934811046,1.0
HEASOFT_MATCHED,forest,ks_1731_260,KS 1731-260,NS,NS_ATOLL_ISLAND,1,0.7621087375203076,0.7621087375203076,0.7621087375203076,0.7621087375203076,1.0
HEASOFT_MATCHED,forest,sax_j1810_8_2609,SAX J1810.8-2609,NS,NS_LOW_HARD,5,0.7270122287283913,0.7216579808514115,0.6747419625622838,0.7949433765990216,1.0
HEASOFT_MATCHED,forest,ser_x_1,Ser X-1,NS,NS_ATOLL_BANANA,1,0.9852565123252124,0.9852565123252124,0.9852565123252124,0.9852565123252124,1.0
HEASOFT_MATCHED,forest,ser_x_1,Ser X-1,NS,NS_ATOLL_UPPER_BANANA,1,0.9821498590994058,0.9821498590994058,0.9821498590994058,0.9821498590994058,1.0
HEASOFT_MATCHED,forest,v4641_sgr,V4641 Sgr,BH,BH_LOW_HARD,2,0.46196617665315504,0.46196617665315504,0.3075764636663796,0.6163558896399305,0.5
HEASOFT_MATCHED,forest,xte_j1118_480,XTE J1118+480,BH,BH_LOW_HARD,7,0.7880074966350749,0.7992730564916922,0.6743535596467976,0.9119758398869924,0.0
HEASOFT_MATCHED,forest,xte_j1550_564,XTE J1550-564,BH,BH_LOW_HARD,1,0.2995717893217893,0.2995717893217893,0.2995717893217893,0.2995717893217893,1.0
HEASOFT_MATCHED,forest,xte_j1859_226,XTE J1859+226,BH,BH_SOFT_INTERMEDIATE,1,0.8734342410230167,0.8734342410230167,0.8734342410230167,0.8734342410230167,0.0
HEASOFT_MATCHED,logistic,1a_1744_361,1A 1744-361,NS,NS_ATOLL_BANANA,2,0.6948313963504302,0.6948313963504302,0.6941745479441614,0.695488244756699,1.0
HEASOFT_MATCHED,logistic,4u_1543_475,4U 1543-475,BH,BH_HARD,1,0.645590159295593,0.645590159295593,0.645590159295593,0.645590159295593,0.0
HEASOFT_MATCHED,logistic,4u_1543_475,4U 1543-475,BH,BH_THERMAL_DOMINANT,1,0.6162143894176272,0.6162143894176272,0.6162143894176272,0.6162143894176272,0.0
HEASOFT_MATCHED,logistic,gs_1354_64,GS 1354-64,BH,BH_LOW_HARD,7,0.3420668761692805,0.3476332691354081,0.2383510304171602,0.4591196856187392,1.0
HEASOFT_MATCHED,logistic,gx_339_4,GX 339-4,BH,BH_HIGH_SOFT,1,0.6379024366610618,0.6379024366610618,0.6379024366610618,0.6379024366610618,0.0
HEASOFT_MATCHED,logistic,ks_1731_260,KS 1731-260,NS,NS_ATOLL_BANANA,3,0.767457759343869,0.7649092880505817,0.7458413745561289,0.7916226154248964,1.0
HEASOFT_MATCHED,logistic,ks_1731_260,KS 1731-260,NS,NS_ATOLL_ISLAND,1,0.4595953342061594,0.4595953342061594,0.4595953342061594,0.4595953342061594,0.0
HEASOFT_MATCHED,logistic,sax_j1810_8_2609,SAX J1810.8-2609,NS,NS_LOW_HARD,5,0.5362754481948431,0.5254836524032971,0.5131639490028955,0.5827720559485107,1.0
HEASOFT_MATCHED,logistic,ser_x_1,Ser X-1,NS,NS_ATOLL_BANANA,1,0.749321526011083,0.749321526011083,0.749321526011083,0.749321526011083,1.0
HEASOFT_MATCHED,logistic,ser_x_1,Ser X-1,NS,NS_ATOLL_UPPER_BANANA,1,0.8036857657421296,0.8036857657421296,0.8036857657421296,0.8036857657421296,1.0
HEASOFT_MATCHED,logistic,v4641_sgr,V4641 Sgr,BH,BH_LOW_HARD,2,0.3454443230704212,0.3454443230704212,0.2315343649957555,0.459354281145087,1.0
HEASOFT_MATCHED,logistic,xte_j1118_480,XTE J1118+480,BH,BH_LOW_HARD,7,0.5088775844233483,0.4866117767405253,0.4065168885199614,0.6075513070601736,0.5714285714285714
HEASOFT_MATCHED,logistic,xte_j1550_564,XTE J1550-564,BH,BH_LOW_HARD,1,0.0762317873539901,0.0762317873539901,0.0762317873539901,0.0762317873539901,1.0
HEASOFT_MATCHED,logistic,xte_j1859_226,XTE J1859+226,BH,BH_SOFT_INTERMEDIATE,1,0.5790221181613363,0.5790221181613363,0.5790221181613363,0.5790221181613363,0.0
HEASOFT_VALIDATION,forest,1a_1744_361,1A 1744-361,NS,NS_ATOLL_BANANA,2,0.9764447508625669,0.9764447508625669,0.976227359558219,0.9766621421669148,1.0
HEASOFT_VALIDATION,forest,4u_1543_475,4U 1543-475,BH,BH_HARD,1,0.785767019146462,0.785767019146462,0.785767019146462,0.785767019146462,0.0
HEASOFT_VALIDATION,forest,4u_1543_475,4U 1543-475,BH,BH_THERMAL_DOMINANT,1,0.8065460349790725,0.8065460349790725,0.8065460349790725,0.8065460349790725,0.0
HEASOFT_VALIDATION,forest,4u_1608_522,4U 1608-522,NS,NS_ATOLL_ISLAND,1,0.8800091845091172,0.8800091845091172,0.8800091845091172,0.8800091845091172,1.0
HEASOFT_VALIDATION,forest,gs_1354_64,GS 1354-64,BH,BH_LOW_HARD,7,0.46076134609135283,0.5809864627122008,0.1095393070226321,0.7909615923581954,0.42857142857142855
HEASOFT_VALIDATION,forest,gx_339_4,GX 339-4,BH,BH_HIGH_SOFT,1,0.5798545617306714,0.5798545617306714,0.5798545617306714,0.5798545617306714,0.0
HEASOFT_VALIDATION,forest,ks_1731_260,KS 1731-260,NS,NS_ATOLL_BANANA,3,0.9845605838345715,0.9880586921474084,0.9753143672088976,0.9903086921474084,1.0
HEASOFT_VALIDATION,forest,ks_1731_260,KS 1731-260,NS,NS_ATOLL_ISLAND,1,0.7254202695666554,0.7254202695666554,0.7254202695666554,0.7254202695666554,1.0
HEASOFT_VALIDATION,forest,sax_j1810_8_2609,SAX J1810.8-2609,NS,NS_LOW_HARD,5,0.7367421395547049,0.718905212434406,0.7111513756420669,0.7979337712191845,1.0
HEASOFT_VALIDATION,forest,ser_x_1,Ser X-1,NS,NS_ATOLL_BANANA,1,0.9881533407542824,0.9881533407542824,0.9881533407542824,0.9881533407542824,1.0
HEASOFT_VALIDATION,forest,ser_x_1,Ser X-1,NS,NS_ATOLL_UPPER_BANANA,1,0.9836749954189534,0.9836749954189534,0.9836749954189534,0.9836749954189534,1.0
HEASOFT_VALIDATION,forest,v4641_sgr,V4641 Sgr,BH,BH_LOW_HARD,2,0.4297140685187332,0.4297140685187332,0.2858163362353139,0.5736118008021526,0.5
HEASOFT_VALIDATION,forest,xte_j1118_480,XTE J1118+480,BH,BH_LOW_HARD,7,0.7974599296809508,0.7952491402155075,0.7110896876089136,0.889867016439042,0.0
HEASOFT_VALIDATION,forest,xte_j1550_564,XTE J1550-564,BH,BH_LOW_HARD,1,0.1690698051948052,0.1690698051948052,0.1690698051948052,0.1690698051948052,1.0
HEASOFT_VALIDATION,forest,xte_j1859_226,XTE J1859+226,BH,BH_SOFT_INTERMEDIATE,1,0.9168350022406172,0.9168350022406172,0.9168350022406172,0.9168350022406172,0.0
HEASOFT_VALIDATION,logistic,1a_1744_361,1A 1744-361,NS,NS_ATOLL_BANANA,2,0.7002702093977742,0.7002702093977742,0.7001082977078794,0.7004321210876691,1.0
HEASOFT_VALIDATION,logistic,4u_1543_475,4U 1543-475,BH,BH_HARD,1,0.6634408483106918,0.6634408483106918,0.6634408483106918,0.6634408483106918,0.0
HEASOFT_VALIDATION,logistic,4u_1543_475,4U 1543-475,BH,BH_THERMAL_DOMINANT,1,0.63302512458392,0.63302512458392,0.63302512458392,0.63302512458392,0.0
HEASOFT_VALIDATION,logistic,4u_1608_522,4U 1608-522,NS,NS_ATOLL_ISLAND,1,0.6029691411128376,0.6029691411128376,0.6029691411128376,0.6029691411128376,1.0
HEASOFT_VALIDATION,logistic,gs_1354_64,GS 1354-64,BH,BH_LOW_HARD,7,0.3277512083135491,0.3329054200810982,0.213419712370754,0.4607901673350317,1.0
HEASOFT_VALIDATION,logistic,gx_339_4,GX 339-4,BH,BH_HIGH_SOFT,1,0.6566026599924454,0.6566026599924454,0.6566026599924454,0.6566026599924454,0.0
HEASOFT_VALIDATION,logistic,ks_1731_260,KS 1731-260,NS,NS_ATOLL_BANANA,3,0.7594842629983178,0.7581859808464148,0.742641276736829,0.7776255314117095,1.0
HEASOFT_VALIDATION,logistic,ks_1731_260,KS 1731-260,NS,NS_ATOLL_ISLAND,1,0.4556194217630066,0.4556194217630066,0.4556194217630066,0.4556194217630066,0.0
HEASOFT_VALIDATION,logistic,sax_j1810_8_2609,SAX J1810.8-2609,NS,NS_LOW_HARD,5,0.5460908515855809,0.5340929482006384,0.5177272363068381,0.5989136627531625,1.0
HEASOFT_VALIDATION,logistic,ser_x_1,Ser X-1,NS,NS_ATOLL_BANANA,1,0.743299140564855,0.743299140564855,0.743299140564855,0.743299140564855,1.0
HEASOFT_VALIDATION,logistic,ser_x_1,Ser X-1,NS,NS_ATOLL_UPPER_BANANA,1,0.78853176324118,0.78853176324118,0.78853176324118,0.78853176324118,1.0
HEASOFT_VALIDATION,logistic,v4641_sgr,V4641 Sgr,BH,BH_LOW_HARD,2,0.3395863970775143,0.3395863970775143,0.2157649347100585,0.4634078594449701,1.0
HEASOFT_VALIDATION,logistic,xte_j1118_480,XTE J1118+480,BH,BH_LOW_HARD,7,0.512615625829308,0.4893622623448739,0.3980779133670787,0.6239839944808496,0.5714285714285714
HEASOFT_VALIDATION,logistic,xte_j1550_564,XTE J1550-564,BH,BH_LOW_HARD,1,0.0564374046114921,0.0564374046114921,0.0564374046114921,0.0564374046114921,1.0
HEASOFT_VALIDATION,logistic,xte_j1859_226,XTE J1859+226,BH,BH_SOFT_INTERMEDIATE,1,0.5824274059844234,0.5824274059844234,0.5824274059844234,0.5824274059844234,0.0
PRIMARY_29,forest,1a_1744_361,1A 1744-361,NS,NS_ATOLL_AHB_LOW_HARD,1,0.873307340774951,0.873307340774951,0.873307340774951,0.873307340774951,1.0
PRIMARY_29,forest,1a_1744_361,1A 1744-361,NS,NS_ATOLL_BANANA,6,0.9275764651053852,0.9233845196861101,0.9142154131087484,0.957624182344194,1.0
PRIMARY_29,forest,4u_1543_475,4U 1543-475,BH,BH_HARD,2,0.7916189644865539,0.7916189644865539,0.760194398626719,0.8230435303463888,0.0
PRIMARY_29,forest,4u_1543_475,4U 1543-475,BH,BH_THERMAL_DOMINANT,8,0.6625814617080072,0.7491249657831622,0.0732511797511797,0.930028227891762,0.25
PRIMARY_29,forest,4u_1608_522,4U 1608-522,NS,NS_ATOLL_ISLAND,1,0.9069479565053014,0.9069479565053014,0.9069479565053014,0.9069479565053014,1.0
PRIMARY_29,forest,gs_1354_64,GS 1354-64,BH,BH_LOW_HARD,7,0.4810289766874081,0.6908162589370592,0.0533086890760977,0.7601427178256198,0.42857142857142855
PRIMARY_29,forest,gx_339_4,GX 339-4,BH,BH_HIGH_SOFT,1,0.5083158477348487,0.5083158477348487,0.5083158477348487,0.5083158477348487,0.0
PRIMARY_29,forest,ks_1731_260,KS 1731-260,NS,NS_ATOLL_BANANA,9,0.9553989135217815,0.9592132500193536,0.9399348390568169,0.9592132500193536,1.0
PRIMARY_29,forest,ks_1731_260,KS 1731-260,NS,NS_ATOLL_ISLAND,3,0.653301837186837,0.6585999222124346,0.6261147986686041,0.6751907906794721,1.0
PRIMARY_29,forest,sax_j1810_8_2609,SAX J1810.8-2609,NS,NS_LOW_HARD,20,0.7914638173876855,0.791914041069094,0.717647198937588,0.8416678029620384,1.0
PRIMARY_29,forest,ser_x_1,Ser X-1,NS,NS_ATOLL_BANANA,2,0.9486486630199711,0.9486486630199711,0.9474985108219988,0.9497988152179434,1.0
PRIMARY_29,forest,ser_x_1,Ser X-1,NS,NS_ATOLL_UPPER_BANANA,1,0.9422172942285952,0.9422172942285952,0.9422172942285952,0.9422172942285952,1.0
PRIMARY_29,forest,v4641_sgr,V4641 Sgr,BH,BH_LOW_HARD,2,0.4023558665337381,0.4023558665337381,0.1077370287314325,0.6969747043360437,0.5
PRIMARY_29,forest,xte_j1118_480,XTE J1118+480,BH,BH_LOW_HARD,22,0.8275281237246215,0.8285376332396402,0.7520696504575625,0.8968042552680204,0.0
PRIMARY_29,forest,xte_j1550_564,XTE J1550-564,BH,BH_LOW_HARD,2,0.5052494625172875,0.5052494625172875,0.2778543417366946,0.7326445832978805,0.5
PRIMARY_29,forest,xte_j1859_226,XTE J1859+226,BH,BH_SOFT_INTERMEDIATE,3,0.884393624515432,0.8814653856383695,0.8797206175001705,0.8919948704077559,0.0
PRIMARY_29,logistic,1a_1744_361,1A 1744-361,NS,NS_ATOLL_AHB_LOW_HARD,1,0.7843037536685703,0.7843037536685703,0.7843037536685703,0.7843037536685703,1.0
PRIMARY_29,logistic,1a_1744_361,1A 1744-361,NS,NS_ATOLL_BANANA,6,0.8908942991803389,0.8864242846702568,0.8718266931149405,0.9303419795913758,1.0
PRIMARY_29,logistic,4u_1543_475,4U 1543-475,BH,BH_HARD,2,0.7671453864856537,0.7671453864856537,0.7478824373421306,0.7864083356291767,0.0
PRIMARY_29,logistic,4u_1543_475,4U 1543-475,BH,BH_THERMAL_DOMINANT,8,0.5366319950331219,0.7078256794092074,0.165162692847215,0.752598655551952,0.375
PRIMARY_29,logistic,4u_1608_522,4U 1608-522,NS,NS_ATOLL_ISLAND,1,0.8080108825364888,0.8080108825364888,0.8080108825364888,0.8080108825364888,1.0
PRIMARY_29,logistic,gs_1354_64,GS 1354-64,BH,BH_LOW_HARD,7,0.47482626775611514,0.4875067067637009,0.3159492079506262,0.6338123454502703,0.5714285714285714
PRIMARY_29,logistic,gx_339_4,GX 339-4,BH,BH_HIGH_SOFT,1,0.7754064631275872,0.7754064631275872,0.7754064631275872,0.7754064631275872,0.0
PRIMARY_29,logistic,ks_1731_260,KS 1731-260,NS,NS_ATOLL_BANANA,9,0.9387551361059582,0.9369291842631,0.9193371366761264,0.9661076651793484,1.0
PRIMARY_29,logistic,ks_1731_260,KS 1731-260,NS,NS_ATOLL_ISLAND,3,0.6609640923625478,0.6651350000480339,0.6498766992065568,0.6678805778330527,1.0
PRIMARY_29,logistic,sax_j1810_8_2609,SAX J1810.8-2609,NS,NS_LOW_HARD,20,0.737653341584582,0.7334983505543806,0.7057137083550726,0.7968436736993151,1.0
PRIMARY_29,logistic,ser_x_1,Ser X-1,NS,NS_ATOLL_BANANA,2,0.934855626579971,0.934855626579971,0.932605128705856,0.937106124454086,1.0
PRIMARY_29,logistic,ser_x_1,Ser X-1,NS,NS_ATOLL_UPPER_BANANA,1,0.9655752950220508,0.9655752950220508,0.9655752950220508,0.9655752950220508,1.0
PRIMARY_29,logistic,v4641_sgr,V4641 Sgr,BH,BH_LOW_HARD,2,0.4963039991761977,0.4963039991761977,0.338071387552787,0.6545366107996085,0.5
PRIMARY_29,logistic,xte_j1118_480,XTE J1118+480,BH,BH_LOW_HARD,22,0.7324536058931467,0.7190898412321911,0.5279537278047436,0.8605828745848774,0.0
PRIMARY_29,logistic,xte_j1550_564,XTE J1550-564,BH,BH_LOW_HARD,2,0.3205104898250479,0.3205104898250479,0.0432861151021033,0.5977348645479924,0.5
PRIMARY_29,logistic,xte_j1859_226,XTE J1859+226,BH,BH_SOFT_INTERMEDIATE,3,0.6605984900152194,0.6824871478529767,0.5989071282232451,0.7004011939694365,0.0
