source_id,canonical_source_name,class_label,class_label_text,classification_status,classification_reference,classification_evidence,identity_reference,included_in_trusted_cohort,confidence_status,notes
xte_j1908_094,XTE J1908+094,UNRESOLVED,BH candidate; not a dynamical confirmation in evidence reviewed,unresolved,intzand2002,Circumstantial spectral/timing evidence; no confirmed benchmark label adopted,intzand2002,False,high identity; unresolved class policy,Separate object from 4U 1907+09. No reference ObsID mapping recovered.
4u_1907_09,4U 1907+09,NS,Accretion-powered X-ray pulsar,verified,baykal2001,Measured coherent pulse timing; independent neutron-star evidence,baykal2001,False,high object/class identity; unresolved cohort mapping,HMXB. Do not automatically relabel XTE J1908+094 observations.
v4641_sgr,V4641 Sgr,BH,Dynamically supported black hole,verified,orosz2001,Optical radial velocities and binary-model constraints,orosz2001,True,high object/class identity; unresolved cohort mapping,Published ML table lists SAXJ1819.3-2525 and V4641SGR separately; underlying ObsIDs required before merging records.
igr_j17379_3747,IGR J17379-3747,NS,Accreting millisecond X-ray pulsar,verified,sanna2018,2.1-ms coherent pulsations and known X-ray burst history,sanna2018,False,high object/class identity; unresolved cohort mapping,Published ML table assigns BH to IGRJ17379-3747. Preserve table; verify its actual ObsIDs before any relabeling.
xte_j1118_480,XTE J1118+480,BH,BH,verified,https://arxiv.org/abs/1510.08869,BlackCAT dynamical sample (Table 4); coordinates and counterpart designation from CDS Table A.1. Conservative secure-BH subset.,https://arxiv.org/abs/1510.08869,True,independent catalog evidence; explicit archive name plus position,BlackCAT dynamical sample (Table 4); coordinates and counterpart designation from CDS Table A.1. Conservative secure-BH subset.
igr_j00291_5934,IGR J00291+5934,NS,NS,verified,https://burst.sci.monash.edu/sources,"MINBAR source catalog: type BPT, 0 cataloged bursts. Type P independently identifies a pulsar. Explicit designation variant where listed.",https://burst.sci.monash.edu/sources,True,independent catalog evidence; explicit archive name plus position,"MINBAR source catalog: type BPT, 0 cataloged bursts. Type P independently identifies a pulsar. Explicit designation variant where listed."
4u_1728_34,4U 1728-34,NS,NS,verified,https://burst.sci.monash.edu/sources,"MINBAR source catalog: type ABORC, 1173 cataloged bursts. Type P independently identifies a pulsar. Explicit designation variant where listed.",https://burst.sci.monash.edu/sources,True,independent catalog evidence; explicit archive name plus position,"MINBAR source catalog: type ABORC, 1173 cataloged bursts. Type P independently identifies a pulsar. Explicit designation variant where listed."
sax_j1808_4_3658,SAX J1808.4-3658,NS,NS,verified,https://burst.sci.monash.edu/sources,"MINBAR source catalog: type BOPRT, 12 cataloged bursts. Type P independently identifies a pulsar. Explicit designation variant where listed.",https://burst.sci.monash.edu/sources,True,independent catalog evidence; explicit archive name plus position,"MINBAR source catalog: type BOPRT, 12 cataloged bursts. Type P independently identifies a pulsar. Explicit designation variant where listed."
4u_1608_522,4U 1608-522,NS,NS,verified,https://burst.sci.monash.edu/sources,"MINBAR source catalog: type ABOST, 145 cataloged bursts. Type P independently identifies a pulsar. Explicit designation variant where listed.",https://burst.sci.monash.edu/sources,True,independent catalog evidence; explicit archive name plus position,"MINBAR source catalog: type ABOST, 145 cataloged bursts. Type P independently identifies a pulsar. Explicit designation variant where listed."
4u_1543_475,4U 1543-475,BH,BH,verified,https://arxiv.org/abs/1510.08869,BlackCAT dynamical sample (Table 4); coordinates and counterpart designation from CDS Table A.1. Conservative secure-BH subset.,https://arxiv.org/abs/1510.08869,True,independent catalog evidence; explicit archive name plus position,BlackCAT dynamical sample (Table 4); coordinates and counterpart designation from CDS Table A.1. Conservative secure-BH subset.
slx_1735_269,SLX 1735-269,NS,NS,verified,https://burst.sci.monash.edu/sources,"MINBAR source catalog: type BSC, 23 cataloged bursts. Type P independently identifies a pulsar. Explicit designation variant where listed.",https://burst.sci.monash.edu/sources,True,independent catalog evidence; explicit archive name plus position,"MINBAR source catalog: type BSC, 23 cataloged bursts. Type P independently identifies a pulsar. Explicit designation variant where listed."
cyg_x_2,Cyg X-2,NS,NS,verified,https://burst.sci.monash.edu/sources,"MINBAR source catalog: type BZR, 70 cataloged bursts. Type P independently identifies a pulsar. Explicit designation variant where listed.",https://burst.sci.monash.edu/sources,True,independent catalog evidence; explicit archive name plus position,"MINBAR source catalog: type BZR, 70 cataloged bursts. Type P independently identifies a pulsar. Explicit designation variant where listed."
4u_1746_37,4U 1746-37,NS,NS,verified,https://burst.sci.monash.edu/sources,"MINBAR source catalog: type ABDG, 37 cataloged bursts. Type P independently identifies a pulsar. Explicit designation variant where listed.",https://burst.sci.monash.edu/sources,True,independent catalog evidence; explicit archive name plus position,"MINBAR source catalog: type ABDG, 37 cataloged bursts. Type P independently identifies a pulsar. Explicit designation variant where listed."
gx_339_4,GX 339-4,BH,BH,verified,https://arxiv.org/abs/1510.08869,BlackCAT dynamical sample (Table 4); coordinates and counterpart designation from CDS Table A.1. Conservative secure-BH subset.,https://arxiv.org/abs/1510.08869,True,independent catalog evidence; explicit archive name plus position,BlackCAT dynamical sample (Table 4); coordinates and counterpart designation from CDS Table A.1. Conservative secure-BH subset.
xte_j1550_564,XTE J1550-564,BH,BH,verified,https://arxiv.org/abs/1510.08869,BlackCAT dynamical sample (Table 4); coordinates and counterpart designation from CDS Table A.1. Conservative secure-BH subset.,https://arxiv.org/abs/1510.08869,True,independent catalog evidence; explicit archive name plus position,BlackCAT dynamical sample (Table 4); coordinates and counterpart designation from CDS Table A.1. Conservative secure-BH subset.
aql_x_1,Aql X-1,NS,NS,verified,https://burst.sci.monash.edu/sources,"MINBAR source catalog: type ABDIORT, 96 cataloged bursts. Type P independently identifies a pulsar. Explicit designation variant where listed.",https://burst.sci.monash.edu/sources,True,independent catalog evidence; explicit archive name plus position,"MINBAR source catalog: type ABDIORT, 96 cataloged bursts. Type P independently identifies a pulsar. Explicit designation variant where listed."
sax_j1806_5_2215,SAX J1806.5-2215,NS,NS,verified,https://burst.sci.monash.edu/sources,"MINBAR source catalog: type TB, 9 cataloged bursts. Type P independently identifies a pulsar. Explicit designation variant where listed.",https://burst.sci.monash.edu/sources,True,independent catalog evidence; explicit archive name plus position,"MINBAR source catalog: type TB, 9 cataloged bursts. Type P independently identifies a pulsar. Explicit designation variant where listed."
xte_j1859_226,XTE J1859+226,BH,BH,verified,https://arxiv.org/abs/1510.08869,BlackCAT dynamical sample (Table 4); coordinates and counterpart designation from CDS Table A.1. Conservative secure-BH subset.,https://arxiv.org/abs/1510.08869,True,independent catalog evidence; explicit archive name plus position,BlackCAT dynamical sample (Table 4); coordinates and counterpart designation from CDS Table A.1. Conservative secure-BH subset.
4u_0614_09,4U 0614+09,NS,NS,verified,https://burst.sci.monash.edu/sources,"MINBAR source catalog: type ABRSC, 2 cataloged bursts. Type P independently identifies a pulsar. Explicit designation variant where listed.",https://burst.sci.monash.edu/sources,True,independent catalog evidence; explicit archive name plus position,"MINBAR source catalog: type ABRSC, 2 cataloged bursts. Type P independently identifies a pulsar. Explicit designation variant where listed."
sax_j1810_8_2609,SAX J1810.8-2609,NS,NS,verified,https://burst.sci.monash.edu/sources,"MINBAR source catalog: type TBO, 16 cataloged bursts. Type P independently identifies a pulsar. Explicit designation variant where listed.",https://burst.sci.monash.edu/sources,True,independent catalog evidence; explicit archive name plus position,"MINBAR source catalog: type TBO, 16 cataloged bursts. Type P independently identifies a pulsar. Explicit designation variant where listed."
hete_j1900_1_2455,HETE J1900.1-2455,NS,NS,verified,https://burst.sci.monash.edu/sources,"MINBAR source catalog: type BOIT, 10 cataloged bursts. Type P independently identifies a pulsar. Explicit designation variant where listed.",https://burst.sci.monash.edu/sources,True,independent catalog evidence; explicit archive name plus position,"MINBAR source catalog: type BOIT, 10 cataloged bursts. Type P independently identifies a pulsar. Explicit designation variant where listed."
4u_1705_44,4U 1705-44,NS,NS,verified,https://burst.sci.monash.edu/sources,"MINBAR source catalog: type BAR, 267 cataloged bursts. Type P independently identifies a pulsar. Explicit designation variant where listed.",https://burst.sci.monash.edu/sources,True,independent catalog evidence; explicit archive name plus position,"MINBAR source catalog: type BAR, 267 cataloged bursts. Type P independently identifies a pulsar. Explicit designation variant where listed."
mxb_1658_298,MXB 1658-298,NS,NS,verified,https://burst.sci.monash.edu/sources,"MINBAR source catalog: type BDEOT, 27 cataloged bursts. Type P independently identifies a pulsar. Explicit designation variant where listed. Archive designation reviewed against primary literature and independent catalog position; see reconstruction/alias_evidence.csv.",https://burst.sci.monash.edu/sources,True,independent catalog evidence; explicit archive name plus position,"MINBAR source catalog: type BDEOT, 27 cataloged bursts. Type P independently identifies a pulsar. Explicit designation variant where listed. Archive designation reviewed against primary literature and independent catalog position; see reconstruction/alias_evidence.csv."
1a_1744_361,1A 1744-361,NS,NS,verified,https://burst.sci.monash.edu/sources,"MINBAR source catalog: type TA?BDR, 4 cataloged bursts. Type P independently identifies a pulsar. Explicit designation variant where listed. Archive designation reviewed against primary literature and independent catalog position; see reconstruction/alias_evidence.csv.",https://burst.sci.monash.edu/sources,True,independent catalog evidence; explicit archive name plus position,"MINBAR source catalog: type TA?BDR, 4 cataloged bursts. Type P independently identifies a pulsar. Explicit designation variant where listed. Archive designation reviewed against primary literature and independent catalog position; see reconstruction/alias_evidence.csv."
sax_j1750_8_2900,SAX J1750.8-2900,NS,NS,verified,https://burst.sci.monash.edu/sources,"MINBAR source catalog: type A?BOT, 24 cataloged bursts. Type P independently identifies a pulsar. Explicit designation variant where listed.",https://burst.sci.monash.edu/sources,True,independent catalog evidence; explicit archive name plus position,"MINBAR source catalog: type A?BOT, 24 cataloged bursts. Type P independently identifies a pulsar. Explicit designation variant where listed."
ks_1731_260,KS 1731-260,NS,NS,verified,https://burst.sci.monash.edu/sources,"MINBAR source catalog: type BOST, 366 cataloged bursts. Type P independently identifies a pulsar. Explicit designation variant where listed.",https://burst.sci.monash.edu/sources,True,independent catalog evidence; explicit archive name plus position,"MINBAR source catalog: type BOST, 366 cataloged bursts. Type P independently identifies a pulsar. Explicit designation variant where listed."
4u_1636_536,4U 1636-536,NS,NS,verified,https://burst.sci.monash.edu/sources,"MINBAR source catalog: type ABOS, 664 cataloged bursts. Type P independently identifies a pulsar. Explicit designation variant where listed.",https://burst.sci.monash.edu/sources,True,independent catalog evidence; explicit archive name plus position,"MINBAR source catalog: type ABOS, 664 cataloged bursts. Type P independently identifies a pulsar. Explicit designation variant where listed."
4u_1254_69,4U 1254-69,NS,NS,verified,https://burst.sci.monash.edu/sources,"MINBAR source catalog: type BDS, 34 cataloged bursts. Type P independently identifies a pulsar. Explicit designation variant where listed.",https://burst.sci.monash.edu/sources,True,independent catalog evidence; explicit archive name plus position,"MINBAR source catalog: type BDS, 34 cataloged bursts. Type P independently identifies a pulsar. Explicit designation variant where listed."
gs_1354_64,GS 1354-64,BH,BH,verified,https://arxiv.org/abs/1510.08869,BlackCAT dynamical sample (Table 4); coordinates and counterpart designation from CDS Table A.1. Conservative secure-BH subset. Archive designation reviewed against primary literature and independent catalog position; see reconstruction/alias_evidence.csv.,https://arxiv.org/abs/1510.08869,True,independent catalog evidence; explicit archive name plus position,BlackCAT dynamical sample (Table 4); coordinates and counterpart designation from CDS Table A.1. Conservative secure-BH subset. Archive designation reviewed against primary literature and independent catalog position; see reconstruction/alias_evidence.csv.
ser_x_1,Ser X-1,NS,NS,verified,https://burst.sci.monash.edu/sources,"MINBAR source catalog: type BARS, 55 cataloged bursts. Type P independently identifies a pulsar. Explicit designation variant where listed.",https://burst.sci.monash.edu/sources,True,independent catalog evidence; explicit archive name plus position,"MINBAR source catalog: type BARS, 55 cataloged bursts. Type P independently identifies a pulsar. Explicit designation variant where listed."
4u_1702_429,4U 1702-429,NS,NS,verified,https://burst.sci.monash.edu/sources,"MINBAR source catalog: type ABO, 284 cataloged bursts. Type P independently identifies a pulsar. Explicit designation variant where listed.",https://burst.sci.monash.edu/sources,True,independent catalog evidence; explicit archive name plus position,"MINBAR source catalog: type ABO, 284 cataloged bursts. Type P independently identifies a pulsar. Explicit designation variant where listed."
4u_1735_444,4U 1735-444,NS,NS,verified,https://burst.sci.monash.edu/sources,"MINBAR source catalog: type ABR?S, 71 cataloged bursts. Type P independently identifies a pulsar. Explicit designation variant where listed.",https://burst.sci.monash.edu/sources,True,independent catalog evidence; explicit archive name plus position,"MINBAR source catalog: type ABR?S, 71 cataloged bursts. Type P independently identifies a pulsar. Explicit designation variant where listed."
