original_path,path,original_sha256,sha256,phase,transformation
src/bhns/__init__.py,src/bhns/__init__.py,980b0922e742881ff1e32d764cc393ff84c1116d25189139d231ac6dc13e825b,980b0922e742881ff1e32d764cc393ff84c1116d25189139d231ac6dc13e825b,I,none
src/bhns/analysis/__init__.py,src/bhns/analysis/__init__.py,3004e4ed47daab2e8f1bb52f9df293a2d4b6494bfc329dabb461a9ad675ea665,3004e4ed47daab2e8f1bb52f9df293a2d4b6494bfc329dabb461a9ad675ea665,I,none
src/bhns/analysis/difficult_sources.py,src/bhns/analysis/difficult_sources.py,374481f5fb884f7ccebebd67fe4182d8bb7874201637a1bc06bf36d34e127c49,374481f5fb884f7ccebebd67fe4182d8bb7874201637a1bc06bf36d34e127c49,I,none
src/bhns/analysis/physical_features.py,src/bhns/analysis/physical_features.py,9bdce1448acdf8300a67407b203118e815ae0b995816012c89dc8b5f79a45a21,9bdce1448acdf8300a67407b203118e815ae0b995816012c89dc8b5f79a45a21,I,none
src/bhns/cli.py,src/bhns/cli.py,e460330b89f835cf5daf8f9ed21fe7be396b1d56033ce4dd91093ea920fab33e,e460330b89f835cf5daf8f9ed21fe7be396b1d56033ce4dd91093ea920fab33e,I,none
src/bhns/config.py,src/bhns/config.py,6426ab153c270239b0bb0ed6e527c088a2bbf5a8653e9f86329b957ed7c4b555,6426ab153c270239b0bb0ed6e527c088a2bbf5a8653e9f86329b957ed7c4b555,I,none
src/bhns/constants.py,src/bhns/constants.py,1a50d4a339be512df6cff124906f79c59131ada3d445587ec31c3c4a775f21a0,1a50d4a339be512df6cff124906f79c59131ada3d445587ec31c3c4a775f21a0,I,none
src/bhns/data/__init__.py,src/bhns/data/__init__.py,cced1cf531a972a5e1bc73ba09dd3a3a4441012cb1cc466ebf56fbb9f94819bb,cced1cf531a972a5e1bc73ba09dd3a3a4441012cb1cc466ebf56fbb9f94819bb,I,none
src/bhns/data/acquisition.py,src/bhns/data/acquisition.py,21dc86e15342064f9a586d5435352bd7f11f5155edf992375d24d3fee98672bb,21dc86e15342064f9a586d5435352bd7f11f5155edf992375d24d3fee98672bb,I,none
src/bhns/data/aliases.py,src/bhns/data/aliases.py,6b041375d2cda33dcb73126111087632ed20154fe8c4f3f1a35333f7c54b1b7f,6b041375d2cda33dcb73126111087632ed20154fe8c4f3f1a35333f7c54b1b7f,I,none
src/bhns/data/cohort.py,src/bhns/data/cohort.py,280c56e48bad6283b86efc175730e7cc44a7685d90f47f04189efd9bc9a60f3b,280c56e48bad6283b86efc175730e7cc44a7685d90f47f04189efd9bc9a60f3b,I,none
src/bhns/data/core_gate.py,src/bhns/data/core_gate.py,c360e874cd324225b98c5008a3efe96d1b3993c8f11c910bbf5e55c9e37624de,c360e874cd324225b98c5008a3efe96d1b3993c8f11c910bbf5e55c9e37624de,I,none
src/bhns/data/core_review.py,src/bhns/data/core_review.py,0878289ee2bd358d8228eb36f13b1efcef06e7a7b578c7e213845da43455e2de,0878289ee2bd358d8228eb36f13b1efcef06e7a7b578c7e213845da43455e2de,I,none
src/bhns/data/gate1.py,src/bhns/data/gate1.py,1171ec25aa16315c7ca043abd4c824ccc49becb9a0af10554dba4351c5ddc682,1171ec25aa16315c7ca043abd4c824ccc49becb9a0af10554dba4351c5ddc682,I,none
src/bhns/data/instrument_validation.py,src/bhns/data/instrument_validation.py,eed1bad2b985092de23d6c5127c15493536e2e74929807ed76c246c868205226,eed1bad2b985092de23d6c5127c15493536e2e74929807ed76c246c868205226,I,none
src/bhns/data/loaders.py,src/bhns/data/loaders.py,b84c9db405f5bd37e1713a1b5d819cf2d37b5601c7925f16deffd9edb2085ba0,b84c9db405f5bd37e1713a1b5d819cf2d37b5601c7925f16deffd9edb2085ba0,I,none
src/bhns/data/preprocessing.py,src/bhns/data/preprocessing.py,578674bc1a43ff217d733b8c9b2469e886fc73ca311ae62b53cc68ead7b3ba31,578674bc1a43ff217d733b8c9b2469e886fc73ca311ae62b53cc68ead7b3ba31,I,none
src/bhns/data/provenance.py,src/bhns/data/provenance.py,73b1e293fc9cbcaac7896a434606c9d02c167153fcd9ee768894352c0235f24a,73b1e293fc9cbcaac7896a434606c9d02c167153fcd9ee768894352c0235f24a,I,none
src/bhns/data/real_data_review.py,src/bhns/data/real_data_review.py,dcd29298a070e6ee1b191e58310d46b07da9bd0f5aaa75bccad337a0f06c807c,dcd29298a070e6ee1b191e58310d46b07da9bd0f5aaa75bccad337a0f06c807c,I,none
src/bhns/data/rxte_products.py,src/bhns/data/rxte_products.py,60a19deafad46e8d746d0b4aafc09a504e29bf5a174831ff141e543bdf525636,60a19deafad46e8d746d0b4aafc09a504e29bf5a174831ff141e543bdf525636,I,none
src/bhns/data/schema.py,src/bhns/data/schema.py,5592fae590b64c4a1b2fab98971065a49b8bf09581d5538f77699047e13fbfde,5592fae590b64c4a1b2fab98971065a49b8bf09581d5538f77699047e13fbfde,I,none
src/bhns/data/source_manifest.py,src/bhns/data/source_manifest.py,9ee613e1111f81f3e39240b999656d413e4977184f23a67b61524ca7646e2b9a,9ee613e1111f81f3e39240b999656d413e4977184f23a67b61524ca7646e2b9a,I,none
src/bhns/data/spectral_products.py,src/bhns/data/spectral_products.py,d7f4f5559d2f17897f29060134eac79cbb0807a6ab9fd138522f9d8ea31d464c,d7f4f5559d2f17897f29060134eac79cbb0807a6ab9fd138522f9d8ea31d464c,I,none
src/bhns/data/state_extension.py,src/bhns/data/state_extension.py,de0cc45f67668cbf44b5f0b35cc45fa952cdd85b9c514adb898dd7c1a88ab7d5,de0cc45f67668cbf44b5f0b35cc45fa952cdd85b9c514adb898dd7c1a88ab7d5,I,none
src/bhns/data/state_validation.py,src/bhns/data/state_validation.py,dc08e6299297557fe1492c980a166dc287d0b8ba88e445a708ddcd9f0934db89,dc08e6299297557fe1492c980a166dc287d0b8ba88e445a708ddcd9f0934db89,I,none
src/bhns/data/validation.py,src/bhns/data/validation.py,76bc231a9fc05e3136a5edbbbd84810871571a6c1a4b9f0a07c238a51d0eccf2,76bc231a9fc05e3136a5edbbbd84810871571a6c1a4b9f0a07c238a51d0eccf2,I,none
src/bhns/evaluation/__init__.py,src/bhns/evaluation/__init__.py,fc319ec01f2369fbe8f15537cc6c29440802a6c4f303ca1379a16d28bff1cb02,fc319ec01f2369fbe8f15537cc6c29440802a6c4f303ca1379a16d28bff1cb02,I,none
src/bhns/evaluation/aggregation.py,src/bhns/evaluation/aggregation.py,191dd92e868f0780b6970efebf0df36e734044761ae0ae39131bbeb2de40a1ff,191dd92e868f0780b6970efebf0df36e734044761ae0ae39131bbeb2de40a1ff,I,none
src/bhns/evaluation/bootstrap.py,src/bhns/evaluation/bootstrap.py,8a839646953e751dab31003492d6a79a917c49791f4cb1e1a561f2eb450bf932,8a839646953e751dab31003492d6a79a917c49791f4cb1e1a561f2eb450bf932,I,none
src/bhns/evaluation/grouped_cv.py,src/bhns/evaluation/grouped_cv.py,49672618bf1eb655ddb8323154182935430ac306c5e5ebc163ed28631bd0104e,49672618bf1eb655ddb8323154182935430ac306c5e5ebc163ed28631bd0104e,I,none
src/bhns/evaluation/loso.py,src/bhns/evaluation/loso.py,63313d862af4034bbe00d894b4b26260f83afe5f63e79b68b65dd9aee29b07ef,63313d862af4034bbe00d894b4b26260f83afe5f63e79b68b65dd9aee29b07ef,I,none
src/bhns/evaluation/metrics.py,src/bhns/evaluation/metrics.py,08c4a820ed4c6100d8a1c95f29c29f42397db25069a6b18fc5b9f7ef1a3a462b,08c4a820ed4c6100d8a1c95f29c29f42397db25069a6b18fc5b9f7ef1a3a462b,I,none
src/bhns/evaluation/observation_split.py,src/bhns/evaluation/observation_split.py,0ea98264e034ce6118059dc362538ebab369884007a86e8915d3abf3d812f5b9,0ea98264e034ce6118059dc362538ebab369884007a86e8915d3abf3d812f5b9,I,none
src/bhns/evaluation/splits.py,src/bhns/evaluation/splits.py,3146592689c8e0cc55d7d028a886905f0bd69b410eeb7ba5a8181ee9829cd3df,3146592689c8e0cc55d7d028a886905f0bd69b410eeb7ba5a8181ee9829cd3df,I,none
src/bhns/experiments/__init__.py,src/bhns/experiments/__init__.py,c6d8e4e0757a382b3e12794c2255c9cc6c4bb19536c40eb663cd0e7a44a05c6f,c6d8e4e0757a382b3e12794c2255c9cc6c4bb19536c40eb663cd0e7a44a05c6f,I,none
src/bhns/experiments/core.py,src/bhns/experiments/core.py,98931f423348bb9fcd5df613e22fc0c53b9197d642f2eb3ec140b3c3de21e03a,98931f423348bb9fcd5df613e22fc0c53b9197d642f2eb3ec140b3c3de21e03a,I,none
src/bhns/experiments/few_observation.py,src/bhns/experiments/few_observation.py,87520b1b783a22da03636722acaa9afa5d3001cb441e31e877da7e7c745efb67,87520b1b783a22da03636722acaa9afa5d3001cb441e31e877da7e7c745efb67,I,none
src/bhns/experiments/instrument_validation.py,src/bhns/experiments/instrument_validation.py,ae191000fc84297445e6505486bab601f41af3560c1cc17e1abc06020ecc6193,ae191000fc84297445e6505486bab601f41af3560c1cc17e1abc06020ecc6193,I,none
src/bhns/experiments/learning_curves.py,src/bhns/experiments/learning_curves.py,40f996dd46ff4e1f5ba93cce3a52ec4a445d31904696c46b3320b84b7b1c2809,40f996dd46ff4e1f5ba93cce3a52ec4a445d31904696c46b3320b84b7b1c2809,I,none
src/bhns/experiments/source_balancing.py,src/bhns/experiments/source_balancing.py,63dc1db7ce0d31d6cae8c79279b491fb603cdff67e0f2f967eea02677061d5fa,63dc1db7ce0d31d6cae8c79279b491fb603cdff67e0f2f967eea02677061d5fa,I,none
src/bhns/experiments/source_identity.py,src/bhns/experiments/source_identity.py,6c70be6dc42ce7f907842babf897c86ed0a703f5b4ce0116d79e94ef4b8751d2,6c70be6dc42ce7f907842babf897c86ed0a703f5b4ce0116d79e94ef4b8751d2,I,none
src/bhns/experiments/source_permutation.py,src/bhns/experiments/source_permutation.py,b48b1cb0ae351077940e83dd79198362b9f2cc7a08acc021a74beec9895d1fac,b48b1cb0ae351077940e83dd79198362b9f2cc7a08acc021a74beec9895d1fac,I,none
src/bhns/experiments/state_validation.py,src/bhns/experiments/state_validation.py,e6b389b9c2af74f1405e0109c880c5693871053578ba843d48e5784a6ffcea98,e6b389b9c2af74f1405e0109c880c5693871053578ba843d48e5784a6ffcea98,I,none
src/bhns/gates.py,src/bhns/gates.py,9cab753de01342a595fe0fbe94b87a5905a2184b1043deb93ca2d7f41924e977,9cab753de01342a595fe0fbe94b87a5905a2184b1043deb93ca2d7f41924e977,I,none
src/bhns/models/__init__.py,src/bhns/models/__init__.py,a852db36a99a22c7b996eb508571a84b4ca8ed85e6036e47e028d13346e5969f,a852db36a99a22c7b996eb508571a84b4ca8ed85e6036e47e028d13346e5969f,I,none
src/bhns/models/pm.py,src/bhns/models/pm.py,8edfa843461320f2bce06228d597deffdfba227e67939d61ffad88b40bce3fef,8edfa843461320f2bce06228d597deffdfba227e67939d61ffad88b40bce3fef,I,none
src/bhns/models/random_forest.py,src/bhns/models/random_forest.py,f0cddfd056560a82f222c6265e5dd8e008063e53763a458f3440ff67c58f89b2,f0cddfd056560a82f222c6265e5dd8e008063e53763a458f3440ff67c58f89b2,I,none
src/bhns/models/sem.py,src/bhns/models/sem.py,33725451a658a8ad158160a77978257d8bd553c3cff4534f024598e4006b6c33,33725451a658a8ad158160a77978257d8bd553c3cff4534f024598e4006b6c33,I,none
src/bhns/models/sm.py,src/bhns/models/sm.py,d49b507769cfd6bd15ace8db6705fa0be2b311bcebe2487301e55965b41f63d5,d49b507769cfd6bd15ace8db6705fa0be2b311bcebe2487301e55965b41f63d5,I,none
src/bhns/reproducibility.py,src/bhns/reproducibility.py,b12d412ac81b54f19159e80693c28c546f0a53822666b5f8e6cabaa1c79a6429,b12d412ac81b54f19159e80693c28c546f0a53822666b5f8e6cabaa1c79a6429,I,none
configs/base.yaml,configs/base.yaml,6f876479c9d9afcc102e6d888ee0552753bcb78e6f2eb77cc7f4aa5189256c69,6f876479c9d9afcc102e6d888ee0552753bcb78e6f2eb77cc7f4aa5189256c69,I,none
configs/experiment_protocol_frozen.yaml,configs/experiment_protocol_frozen.yaml,0c7dd4d36ac055ab8f708f9ebb2763dd4a341c6b9a5967ddaa1f9d3347f43334,0c7dd4d36ac055ab8f708f9ebb2763dd4a341c6b9a5967ddaa1f9d3347f43334,I,none
configs/filter_sensitivity_protocol_frozen.yaml,configs/filter_sensitivity_protocol_frozen.yaml,9cb6fbc70b33454401c2e58aa9c00d8001f4feadc91c0332145fb2ef174bb7fa,9cb6fbc70b33454401c2e58aa9c00d8001f4feadc91c0332145fb2ef174bb7fa,I,none
configs/grouped_cv.yaml,configs/grouped_cv.yaml,fef6a9c21af40bc4b18f3332d43b97deb4d0ef88614248ae293d7c08ef45887a,fef6a9c21af40bc4b18f3332d43b97deb4d0ef88614248ae293d7c08ef45887a,I,none
configs/loso.yaml,configs/loso.yaml,aa621d3dde393f5931f1d034df6005ecc793d375f620f43727d1ff606342603c,aa621d3dde393f5931f1d034df6005ecc793d375f620f43727d1ff606342603c,I,none
configs/observation_split.yaml,configs/observation_split.yaml,affd8560176fcf1f1e4533ec7211f31f8a4bd912b5badace03e54e79219de1a5,affd8560176fcf1f1e4533ec7211f31f8a4bd912b5badace03e54e79219de1a5,I,none
configs/permutation.yaml,configs/permutation.yaml,9d2b6f6b2591bfb2199a04d4c37420ee2ecbac51b8d7c618a059ce7563edd821,9d2b6f6b2591bfb2199a04d4c37420ee2ecbac51b8d7c618a059ce7563edd821,I,none
configs/reconstruction.yaml,configs/reconstruction.yaml,ab3ac0af75e2a79c3b0b06f7324d6de1683e6c8ae165940be7f2596f32a6cef0,ab3ac0af75e2a79c3b0b06f7324d6de1683e6c8ae165940be7f2596f32a6cef0,I,none
configs/source_identity.yaml,configs/source_identity.yaml,3aaa8607ee39554428eadada89528eb67b7ae57a0a7e33b3cbdb14d6e31f61d2,3aaa8607ee39554428eadada89528eb67b7ae57a0a7e33b3cbdb14d6e31f61d2,I,none
configs/state_regime_mapping.yaml,configs/state_regime_mapping.yaml,ad33e70ac571ee9711512572f0980cbde34e77341354c8f4bae933361f4345bf,ad33e70ac571ee9711512572f0980cbde34e77341354c8f4bae933361f4345bf,I,none
configs/state_validation_protocol_frozen.yaml,configs/state_validation_protocol_frozen.yaml,06f2e80bf1cb3c9e68cfcf3b28a09eadc9443d6c4a4efdc9efc44ef13cd11341,06f2e80bf1cb3c9e68cfcf3b28a09eadc9443d6c4a4efdc9efc44ef13cd11341,I,none
configs/validation_heasoft_comparison_addendum.yaml,configs/validation_heasoft_comparison_addendum.yaml,aca5a86304d660afc474b6f2e51d61950c86465defade70cd287d446e50c0d5f,aca5a86304d660afc474b6f2e51d61950c86465defade70cd287d446e50c0d5f,I,none
configs/validation_heasoft_protocol.yaml,configs/validation_heasoft_protocol.yaml,e5a788be37bdb9a23ca0139074541663b07dc038a0bb6cad4f5ebf8370ab05cd,e5a788be37bdb9a23ca0139074541663b07dc038a0bb6cad4f5ebf8370ab05cd,I,none
configs/filter_sensitivity/protocol_freeze.json,configs/filter_sensitivity/protocol_freeze.json,745b2f0ea7e31b669e7caa30ee503321405171f0366648df64e35410505e4b68,745b2f0ea7e31b669e7caa30ee503321405171f0366648df64e35410505e4b68,I,none
configs/state_extension/search_plan_frozen.json,configs/state_extension/search_plan_frozen.json,b88f5925bd954f00f6e2adaf4834aa382f188674420cb35646e7f0955136753f,b88f5925bd954f00f6e2adaf4834aa382f188674420cb35646e7f0955136753f,I,none
configs/state_extension/state_regime_mapping_v2_frozen.json,configs/state_extension/state_regime_mapping_v2_frozen.json,4cd5fa777179ba89037562fc030c8827251232eb27d8668c44381d98c610b768,4cd5fa777179ba89037562fc030c8827251232eb27d8668c44381d98c610b768,I,none
configs/state_validation/environment.json,configs/state_validation/environment.json,5782c8473b29536cc5cc52c86958df43977776c9c69078c086f16d3adfcf4947,5782c8473b29536cc5cc52c86958df43977776c9c69078c086f16d3adfcf4947,I,none
configs/experiment_protocol_frozen.sha256,configs/experiment_protocol_frozen.sha256,22efe23eb5e9fb4c50f08a3374fe70b67db1c9105359d44acde357fcda57b723,22efe23eb5e9fb4c50f08a3374fe70b67db1c9105359d44acde357fcda57b723,I,none
configs/filter_sensitivity/protocol.sha256,configs/filter_sensitivity/protocol.sha256,74afb9aa54707aabe17d45cf1f06e7e486f67dd9bf71123d7e8751da3737e2f7,74afb9aa54707aabe17d45cf1f06e7e486f67dd9bf71123d7e8751da3737e2f7,I,none
configs/state_extension/search_plan_frozen.sha256,configs/state_extension/search_plan_frozen.sha256,0499c0305771b49309b3c446d45bf54d3ebc702e760012c8a82dc842809413fa,0499c0305771b49309b3c446d45bf54d3ebc702e760012c8a82dc842809413fa,I,none
configs/state_extension/state_regime_mapping_v2_frozen.sha256,configs/state_extension/state_regime_mapping_v2_frozen.sha256,3351438ec17320e65f2e959bb64249d7a9e7e0f7ea3c9a9250e6cecf2c019cdd,3351438ec17320e65f2e959bb64249d7a9e7e0f7ea3c9a9250e6cecf2c019cdd,I,none
configs/state_validation_protocol_frozen.sha256,configs/state_validation_protocol_frozen.sha256,2dbb50d48be6a6a4753ebbc96cec721f69cc7e6a2c7f1073f69eea3325f2b03b,2dbb50d48be6a6a4753ebbc96cec721f69cc7e6a2c7f1073f69eea3325f2b03b,I,none
configs/validation_heasoft_comparison_addendum.sha256,configs/validation_heasoft_comparison_addendum.sha256,e3aa4d978d341c70c159969b17aac2e3d1867ec904a1c29c21b3fb508299f5ea,e3aa4d978d341c70c159969b17aac2e3d1867ec904a1c29c21b3fb508299f5ea,I,none
configs/validation_heasoft_protocol.sha256,configs/validation_heasoft_protocol.sha256,f5e5f8affb68c450bbadfa2869c59e0e51883f3c9438dead96a957c071e6d0e7,f5e5f8affb68c450bbadfa2869c59e0e51883f3c9438dead96a957c071e6d0e7,I,none
pyproject.toml,pyproject.toml,2da806a3b513c83e5875082875383adcd4963576d4892447eddd978bc3efe436,b597a9223306d69c9ae0f150abacedf8cb3bde99eaac9b96e0f13a5b8a51f0b0,I,release-only portability/dependency/output/test-scope adaptation
requirements.txt,requirements.txt,bc02bb95db0df8e016c873e7a7a8cef1ecfe5c47e95592a6c8126d334287b44c,f4ba11c5d24cd03562ab2a0e8f3b005f6b2e546fd3e5a8dc756b7061136611c4,I,release-only portability/dependency/output/test-scope adaptation
requirements.lock.txt,requirements.lock.txt,297888b46981abe443bdf5c4e1f4ea04d0902e7708704a530e477a5825840d67,297888b46981abe443bdf5c4e1f4ea04d0902e7708704a530e477a5825840d67,I,none
tests/test_no_source_leakage.py,tests/test_no_source_leakage.py,05addc7999312f0e6f1e40450c1af387b737c1350f3977f49c845ecc423f6d07,05addc7999312f0e6f1e40450c1af387b737c1350f3977f49c845ecc423f6d07,I,none
tests/conftest.py,tests/conftest.py,431cb7b2c8fd936ba293f40a30cc7f80fc4804844c2034f99f00c48f6d838124,431cb7b2c8fd936ba293f40a30cc7f80fc4804844c2034f99f00c48f6d838124,I,none
tests/test_data_gate.py,tests/test_data_gate.py,33492378f3375227c5386a23e3a7ed66c624beacfffd8a1af533fdb0393fd873,33492378f3375227c5386a23e3a7ed66c624beacfffd8a1af533fdb0393fd873,I,none
tests/test_evidence_acquisition.py,tests/test_evidence_acquisition.py,5856a6f5a8a3f37b48f5566bda4c6d82e50f8205b6f7fded50713f41829c2498,5856a6f5a8a3f37b48f5566bda4c6d82e50f8205b6f7fded50713f41829c2498,I,none
tests/test_feature_family_review.py,tests/test_feature_family_review.py,ecd526504542eb7eee2de794de67a765daa17e25b73fcf635d7fa450013835f8,ecd526504542eb7eee2de794de67a765daa17e25b73fcf635d7fa450013835f8,I,none
tests/test_source_weights.py,tests/test_source_weights.py,b094b868806a720be22eca61720bcd6aea102ecb6ea041580877058001e4b6b1,b094b868806a720be22eca61720bcd6aea102ecb6ea041580877058001e4b6b1,I,none
tests/test_rxte_reconstruction.py,tests/test_rxte_reconstruction.py,c3f9f707694d56979f334d32de77d2154107f1e6901ae792fb3b60a29d1f9d26,c3f9f707694d56979f334d32de77d2154107f1e6901ae792fb3b60a29d1f9d26,I,none
tests/test_core_experiments.py,tests/test_core_experiments.py,93cb483526cd8bd06838d4bc146be418e1c87089639d01e39cdcfe33ab0ec3a8,93cb483526cd8bd06838d4bc146be418e1c87089639d01e39cdcfe33ab0ec3a8,I,none
tests/test_permutation_labels.py,tests/test_permutation_labels.py,b26de328f7e45d134ca270ed136b9c2f79dbc55b17ace5d4dddd0bd4b51a2e61,b26de328f7e45d134ca270ed136b9c2f79dbc55b17ace5d4dddd0bd4b51a2e61,I,none
tests/test_schema.py,tests/test_schema.py,b483c70dc66bdacb38012d63f8ac1b3b4d6edf021760991d6d35cefe98699d4f,b483c70dc66bdacb38012d63f8ac1b3b4d6edf021760991d6d35cefe98699d4f,I,none
tests/test_instrument_validation.py,tests/test_instrument_validation.py,3a439dc819488d4720df6c56ab0fe6ed49033c4febb138d96eb31a32b09e3914,33471406d7c361a9f7c00b35b46060ea9d5a1d5516cd23a896b6e546b806a5eb,I,release-only portability/dependency/output/test-scope adaptation
tests/test_source_groups.py,tests/test_source_groups.py,bc6217543d82d901f2ef5b3b6a3f3b3189a4ea49dfff8b83cd1b63680668cb86,bc6217543d82d901f2ef5b3b6a3f3b3189a4ea49dfff8b83cd1b63680668cb86,I,none
tests/test_preprocessing_leakage.py,tests/test_preprocessing_leakage.py,f7e712726e21d7acfa7c958eaf5deacd5349865111cae90ad7d11329681b60c2,f7e712726e21d7acfa7c958eaf5deacd5349865111cae90ad7d11329681b60c2,I,none
tests/test_scientific_intake.py,tests/test_scientific_intake.py,8a85193cd90fc7b69942a5a076db92787dfed197047d2869676beb8aeb2518c2,8a85193cd90fc7b69942a5a076db92787dfed197047d2869676beb8aeb2518c2,I,none
tests/test_reproducibility.py,tests/test_reproducibility.py,ce1d884988d8272d1cde41e362f7ba09fe4941b87bbc49a839fd7fa161b90305,ce1d884988d8272d1cde41e362f7ba09fe4941b87bbc49a839fd7fa161b90305,I,none
scripts/acquire_rxte_products.py,scripts/acquire_rxte_products.py,fb4728052b2b0e03325932b19c0b0db441dcdb2fab9d6218e503ddd499f48a47,fb4728052b2b0e03325932b19c0b0db441dcdb2fab9d6218e503ddd499f48a47,I,none
scripts/acquire_validation_raw.py,scripts/acquire_validation_raw.py,47afb267f12e2cdec51979f9f0e8670e2426d8e71155e65744ee4efd4fac132d,47afb267f12e2cdec51979f9f0e8670e2426d8e71155e65744ee4efd4fac132d,I,none
scripts/assemble_heasoft_validation.py,scripts/assemble_heasoft_validation.py,da5f6f00e06647643d34b50f99bb3ee8d256bb387dbd3641e23ed60203fa26b1,da5f6f00e06647643d34b50f99bb3ee8d256bb387dbd3641e23ed60203fa26b1,I,none
scripts/audit_heasoft_products.py,scripts/audit_heasoft_products.py,11df6b8d445f4a4554294f1a94a64140f2e6f32da5568c7cb2bdf5a67daac20f,11df6b8d445f4a4554294f1a94a64140f2e6f32da5568c7cb2bdf5a67daac20f,I,none
scripts/audit_instrument_metadata.py,scripts/audit_instrument_metadata.py,ba54da1d355f29745a8ae290eee45d8c262a0407ec25056c77aa99dc5c7fb7b9,ba54da1d355f29745a8ae290eee45d8c262a0407ec25056c77aa99dc5c7fb7b9,I,none
scripts/build_rxte_inventory.py,scripts/build_rxte_inventory.py,07bbdc891d1ca6e83171df4e7da322e3e0954f2e295220bd41fbd7039deba04c,07bbdc891d1ca6e83171df4e7da322e3e0954f2e295220bd41fbd7039deba04c,I,none
scripts/reconstruct_rxte_cohort.py,scripts/reconstruct_rxte_cohort.py,866fcbd7a2567c65506b2e102ca2e692b4fd1356df15b178534a2399782448bc,866fcbd7a2567c65506b2e102ca2e692b4fd1356df15b178534a2399782448bc,I,none
scripts/reduce_validation_heasoft.py,scripts/reduce_validation_heasoft.py,0169bb70d7e4023ec516b84e416f8972f02e0b307f82e14968f615b3e597910d,0169bb70d7e4023ec516b84e416f8972f02e0b307f82e14968f615b3e597910d,I,none
scripts/run_core_experiments.py,scripts/run_core_experiments.py,f86a5489073d82b81fec1343d9fae7248c49c3288f22685265bcfac4455e6bb0,f86a5489073d82b81fec1343d9fae7248c49c3288f22685265bcfac4455e6bb0,I,none
scripts/run_heasoft_validation_models.py,scripts/run_heasoft_validation_models.py,048c44091a762d5f2729fe1d9cc02d73462b906885999064388a05325d8a2249,048c44091a762d5f2729fe1d9cc02d73462b906885999064388a05325d8a2249,I,none
scripts/run_instrument_diagnostics.py,scripts/run_instrument_diagnostics.py,c5eee4b906047effe3d73f2c0637beca9258e40035c99f71be973495b044d8be,c5eee4b906047effe3d73f2c0637beca9258e40035c99f71be973495b044d8be,I,none
scripts/render_journal_figures.py,scripts/render_journal_figures.py,935cfaf6fa0e004d27aac6789619b450e637017d20fc127ac777badfe9b6c967,d21c87df34d4939f57a8585e5d617f8e98a18b7c2fa1ea6cb098e1b81a08944a,I,release-only portability/dependency/output/test-scope adaptation
scripts/render_scientific_results.py,scripts/render_scientific_results.py,287c40746a1847693c5ccebd9d6c5d6dbc5e29d53e2e2df1e3dfec3feab94a23,56443deefe08e1e083f0a322f6afd1aadc82b71061bad9817819ccaf1fb44481,I,release-only portability/dependency/output/test-scope adaptation
scripts/sync_core_manifests.py,scripts/sync_core_manifests.py,fdf73f24cc4e01f3ed98af909da7197815da049e83f948f2bf0764908ea02e34,fdf73f24cc4e01f3ed98af909da7197815da049e83f948f2bf0764908ea02e34,I,none
scripts/search_validation_bh.py,scripts/search_validation_bh.py,770eb068de4c59a6470ae5e8ab09d3597062057178f2be791ea402e42fd52bc1,770eb068de4c59a6470ae5e8ab09d3597062057178f2be791ea402e42fd52bc1,I,none
scripts/analyze_validation_failures.py,scripts/analyze_validation_failures.py,edb68cbd047556cefe49a7796852ad4c6eaa3d580659f70a6f080d7f10a3011c,edb68cbd047556cefe49a7796852ad4c6eaa3d580659f70a6f080d7f10a3011c,I,none
scripts/setup_validation_caldb.py,scripts/setup_validation_caldb.py,8e74810a413abb55c7cdc227f5de6019da3470a225dbc5467cbd727098ea65e1,67bd65843dbb5b16c594509704b9ae4852e9147acf654f00762dfe29851fcc3f,I,release-only portability/dependency/output/test-scope adaptation
scripts/setup_validation_heasoft.sh,scripts/setup_validation_heasoft.sh,04a9b9c8554afd158fad0fb25aa5b36c9151978a9cb7db4a29ef0c689dda9a0a,10f69debd3cf32d12c0374eccee3f35343403fe74cec07c7661520ad00bab299,I,release-only portability/dependency/output/test-scope adaptation
scripts/validation_heasoft_env.sh,scripts/validation_heasoft_env.sh,e3879a60539a87b3763088d48df3850b3ad236850de1757a46dfb4bd00311999,e85d27cf8b66bb179b35d578e73cebd07c532f5facd501dbb2d5343349318244,I,release-only portability/dependency/output/test-scope adaptation
scripts/run_state_validation.py,scripts/run_state_validation.py,5af184838d55e64cd37fd351c1293afe47947ea954493e1ba78eeef994de3240,5af184838d55e64cd37fd351c1293afe47947ea954493e1ba78eeef994de3240,I,none
scripts/build_state_extension.py,scripts/build_state_extension.py,0d837bea15c7a48a9affd3670cf5892d52fd3d6cef6dfc481ae3f8ca049b4047,0d837bea15c7a48a9affd3670cf5892d52fd3d6cef6dfc481ae3f8ca049b4047,I,none
scripts/prepare_state_extension.py,scripts/prepare_state_extension.py,926bd76507e825f69e425b0f3d3803f2d4a242ba19deb0fa5392a7b2d2810686,926bd76507e825f69e425b0f3d3803f2d4a242ba19deb0fa5392a7b2d2810686,I,none
scripts/build_state_catalogue.py,scripts/build_state_catalogue.py,c26cdcb34633221acdd0430f5d3f2885254d8d4f1dbf52d30bd2ae80e6d4c9a8,c26cdcb34633221acdd0430f5d3f2885254d8d4f1dbf52d30bd2ae80e6d4c9a8,I,none
scripts/prepare_state_validation.py,scripts/prepare_state_validation.py,915ebb2871806b1ad9ed39c43b8624d75f270a25380b5d50591ea5163fb40275,915ebb2871806b1ad9ed39c43b8624d75f270a25380b5d50591ea5163fb40275,I,none
scripts/audit_state_validation.py,scripts/audit_state_validation.py,1fa9aa8913e1f7fe363763b939772bbbffa41e51965b6835edf867812a43d4e0,1fa9aa8913e1f7fe363763b939772bbbffa41e51965b6835edf867812a43d4e0,I,none
scripts/audit_state_extension.py,scripts/audit_state_extension.py,bb30b3beee831360e6877d925613b0b1eb476c2e265ade2d0677a37f4ba699a5,bb30b3beee831360e6877d925613b0b1eb476c2e265ade2d0677a37f4ba699a5,I,none
scripts/validation_compat/zcat,scripts/validation_compat/zcat,79533ae2d6478efc61efd6b01e2b9c3b90325de6e01d36e4619dbd23348472fe,79533ae2d6478efc61efd6b01e2b9c3b90325de6e01d36e4619dbd23348472fe,I,none
data/manifests/rxte_observation_inventory.csv,data/manifests/rxte_observation_inventory.csv,38e0c16e0312b24fc8c38bae72d798558384ef4fa732de372d8840d1be486984,38e0c16e0312b24fc8c38bae72d798558384ef4fa732de372d8840d1be486984,I,none
data/manifests/observation_manifest.csv,data/manifests/observation_manifest.csv,d8c60665449a3bf80de33f506961d7d151773ec418d23c042c78fd0bdbf4d424,d8c60665449a3bf80de33f506961d7d151773ec418d23c042c78fd0bdbf4d424,I,none
data/manifests/energy_grids.json,data/manifests/energy_grids.json,1506a1155889a3c7f89b129c31b0140da9312444170de72d06d1159fde112a5f,1506a1155889a3c7f89b129c31b0140da9312444170de72d06d1159fde112a5f,I,none
data/manifests/rxte_acquisition_selection.csv,data/manifests/rxte_acquisition_selection.csv,c407e2a4027d066c6a8feda6eae9a1fadd90fef39b1e56d5783c56c760d61c9f,c407e2a4027d066c6a8feda6eae9a1fadd90fef39b1e56d5783c56c760d61c9f,I,none
data/manifests/source_manifest.csv,data/manifests/source_manifest.csv,7eb03ea81178205c6bef2b825d9aca7604b9fa8a2d2c7e6bc6080ae43ced4ed7,7eb03ea81178205c6bef2b825d9aca7604b9fa8a2d2c7e6bc6080ae43ced4ed7,I,none
data/manifests/label_provenance.csv,data/manifests/label_provenance.csv,b504ea5268194ff82ecc6f15c0c994a0a0bab7ab01451266d370be138dc97d7a,b504ea5268194ff82ecc6f15c0c994a0a0bab7ab01451266d370be138dc97d7a,I,none
data/manifests/pm_feature_definitions.json,data/manifests/pm_feature_definitions.json,a1df07cfb4aa2848c48bad585dd45f0a2d79022621387fc8655a7d7305d0bfe0,a1df07cfb4aa2848c48bad585dd45f0a2d79022621387fc8655a7d7305d0bfe0,I,none
data/manifests/source_registry.csv,data/manifests/source_registry.csv,fa476c8ab983dcf73c9d8b5b9ca768c66ca1f1d8a6ce5357f26819ebf9ee3d21,fa476c8ab983dcf73c9d8b5b9ca768c66ca1f1d8a6ce5357f26819ebf9ee3d21,I,none
data/manifests/dataset_provenance.yaml,data/manifests/dataset_provenance.yaml,63e2e6c61a072419fb2506d7b41d2684d8098b5e24f798a76249ba030eb6ea63,63e2e6c61a072419fb2506d7b41d2684d8098b5e24f798a76249ba030eb6ea63,I,none
data/manifests/excluded_observations.csv,data/manifests/excluded_observations.csv,2396d413c8e5b46525826196082432ae4adc66070680ced993b375b33ad9b2a0,2396d413c8e5b46525826196082432ae4adc66070680ced993b375b33ad9b2a0,I,none
data/manifests/source_aliases.csv,data/manifests/source_aliases.csv,172d547ce410659ff6f068ee82a8a187775657885541057b5a1a02be5aee64e2,172d547ce410659ff6f068ee82a8a187775657885541057b5a1a02be5aee64e2,I,none
data/reference/reference_source_roster.csv,data/reference/reference_source_roster.csv,0877b4b26ce2b7a608c60b9af804f37a4bcff07cab9e40a932c0da93d0ed3211,0877b4b26ce2b7a608c60b9af804f37a4bcff07cab9e40a932c0da93d0ed3211,I,none
data/provenance/rxte_download_manifest.csv,data/provenance/rxte_download_manifest.csv,a3f8dcbc1810a5ba8aad655977bfd45341f2ad1512594e7826853a8555b1d63d,a3f8dcbc1810a5ba8aad655977bfd45341f2ad1512594e7826853a8555b1d63d,I,none
data/provenance/observation_provenance.csv,data/provenance/observation_provenance.csv,ea5a57b303b26168452aab4008c5325638daf0d4084fc8f3c3aa6db4b4006297,ea5a57b303b26168452aab4008c5325638daf0d4084fc8f3c3aa6db4b4006297,I,none
data/provenance/reduction_environment.json,data/provenance/reduction_environment.json,629d1745d1dd714f832bf1387d82b936b379b9d341e261b5418b4981b29f184a,629d1745d1dd714f832bf1387d82b936b379b9d341e261b5418b4981b29f184a,I,none
data/provenance/external_sources.csv,data/provenance/external_sources.csv,80b89d52d8176a40fcf946e94d1e7df227257061bb28a4f39957ab2869918574,80b89d52d8176a40fcf946e94d1e7df227257061bb28a4f39957ab2869918574,I,none
data/provenance/published_source_roster.csv,data/provenance/published_source_roster.csv,67f5842576be5fe79e6c4f10199024123a36656bed55f1f506b35d83512d69d8,67f5842576be5fe79e6c4f10199024123a36656bed55f1f506b35d83512d69d8,I,none
data/processed/observations.csv,data/processed/observations.csv,9526c3327502907fa50655a5749b206ba1eda903f16fb45fa13e2665d06fb7f8,9526c3327502907fa50655a5749b206ba1eda903f16fb45fa13e2665d06fb7f8,I,none
data/processed/energy_grid_metadata.csv,data/processed/energy_grid_metadata.csv,e9de02730bb68e2e05bb957c71c210061e1d953c8244bdd84a8be53c128005a2,e9de02730bb68e2e05bb957c71c210061e1d953c8244bdd84a8be53c128005a2,I,none
data/processed/validation_heasoft/excluded_observations.csv,data/processed/validation_heasoft/excluded_observations.csv,5d80c27c2fd31bbd7a40f94db92d44830e70283226d39f429c1bb7b4ffcaf470,5d80c27c2fd31bbd7a40f94db92d44830e70283226d39f429c1bb7b4ffcaf470,I,none
data/processed/validation_heasoft/expanded_selection.csv,data/processed/validation_heasoft/expanded_selection.csv,1e0c12046d172e3e3cdcefc0d483ab443b3f1b64fc3b32f9196681fb3b814386,1e0c12046d172e3e3cdcefc0d483ab443b3f1b64fc3b32f9196681fb3b814386,I,none
data/processed/validation_heasoft/expanded_source_observations.csv,data/processed/validation_heasoft/expanded_source_observations.csv,c40651ef414f3202530e09b0f7b911ee2fae7a51730b08e72d1f867f4eaa4cfb,c40651ef414f3202530e09b0f7b911ee2fae7a51730b08e72d1f867f4eaa4cfb,I,none
data/processed/validation_heasoft/heasoft_matched_observations.csv,data/processed/validation_heasoft/heasoft_matched_observations.csv,ce483a41ae2876e301f66278f251ddf0c2dfce59482f047e5619cd678ea02d80,ce483a41ae2876e301f66278f251ddf0c2dfce59482f047e5619cd678ea02d80,I,none
data/processed/validation_heasoft/heasoft_validation_observations.csv,data/processed/validation_heasoft/heasoft_validation_observations.csv,3af35b8e314a832ed29d088d9e4cf09cb6e3484b444eeddb51145109d80c8ce0,3af35b8e314a832ed29d088d9e4cf09cb6e3484b444eeddb51145109d80c8ce0,I,none
data/processed/validation_heasoft/matched_observations.csv,data/processed/validation_heasoft/matched_observations.csv,566bbb6d71c6815836441df85d9d525062fe65a43b9cc4c81bb96e2e206c49c1,566bbb6d71c6815836441df85d9d525062fe65a43b9cc4c81bb96e2e206c49c1,I,none
data/processed/validation_heasoft/preselected_observations.csv,data/processed/validation_heasoft/preselected_observations.csv,a026e05f745c5591e6482cdf59b109b312e8b5d83b3c912d15bd112b490a3abf,a026e05f745c5591e6482cdf59b109b312e8b5d83b3c912d15bd112b490a3abf,I,none
results/primary_performance.csv,results/primary_performance.csv,55502a32ee39747acce0073eb5e0778dd6f00216fde740377f70b8afb0c3258e,55502a32ee39747acce0073eb5e0778dd6f00216fde740377f70b8afb0c3258e,I,none
results/primary_predictions.csv,results/primary_predictions.csv,ca86ff5b19d260d9dde14aad205670364e2effc91cb1dd11e55b776e3fed7f9d,ca86ff5b19d260d9dde14aad205670364e2effc91cb1dd11e55b776e3fed7f9d,I,none
results/loso_predictions.csv,results/loso_predictions.csv,8e7b8367f64ead3ca457a56fe91f2651240cde6d9ebc8d32ceaf87c98db06920,8e7b8367f64ead3ca457a56fe91f2651240cde6d9ebc8d32ceaf87c98db06920,I,none
results/loso_source_summary.csv,results/loso_source_summary.csv,bc6d2678e7980be298733365e0a2507731d4cb3badda62d1299bec525264f37d,bc6d2678e7980be298733365e0a2507731d4cb3badda62d1299bec525264f37d,I,none
results/observation_metrics_secondary.csv,results/observation_metrics_secondary.csv,fd4083a7140ca421d8114eebe83e6d328008d68835d57236993481fba03356a4,fd4083a7140ca421d8114eebe83e6d328008d68835d57236993481fba03356a4,I,none
results/paired_performance_difference.csv,results/paired_performance_difference.csv,33f63227fba213485b6f7581c77f7f10eece15098ede368bc798f6c5d530871e,33f63227fba213485b6f7581c77f7f10eece15098ede368bc798f6c5d530871e,I,none
results/robustness_results.csv,results/robustness_results.csv,0d0260014045dd032560378577d2b803795d3c1e2466035857872bdee3e54562,0d0260014045dd032560378577d2b803795d3c1e2466035857872bdee3e54562,I,none
results/source_learning_curve.csv,results/source_learning_curve.csv,7322829db0d370c1e6d741480272e1826b3ca2cdb706b445907f1ae0fb26a927,7322829db0d370c1e6d741480272e1826b3ca2cdb706b445907f1ae0fb26a927,I,none
results/source_identification_predictions.csv,results/source_identification_predictions.csv,ae98af687cb8bdec91634e8333d4591f4f68628e343c4113d840426d7d0e4e12,ae98af687cb8bdec91634e8333d4591f4f68628e343c4113d840426d7d0e4e12,I,none
results/source_randomization_results.csv,results/source_randomization_results.csv,87b3c9d195da83de3d0bf8dfc52ab8f95a304513c3042ad8b281daf94b4b1a35,87b3c9d195da83de3d0bf8dfc52ab8f95a304513c3042ad8b281daf94b4b1a35,I,none
results/validation_heasoft/cohort_flow.csv,results/validation_heasoft/cohort_flow.csv,faefe1045687cc3cbbce3970383ee90782798ab76b094757a89a512f6c9cdcd7,faefe1045687cc3cbbce3970383ee90782798ab76b094757a89a512f6c9cdcd7,I,none
results/validation_heasoft/epoch_holdout_summary.csv,results/validation_heasoft/epoch_holdout_summary.csv,2c96517d345a571f1a4e0f78a0e94d3b3c85cc2249fe52a23b4c95420c981f47,2c96517d345a571f1a4e0f78a0e94d3b3c85cc2249fe52a23b4c95420c981f47,I,none
results/validation_heasoft/exclusion_summary.csv,results/validation_heasoft/exclusion_summary.csv,f3c5213df60ec6e04e08410d415968d696a50a3c3fa07e6fd3a70c89064cb639,f3c5213df60ec6e04e08410d415968d696a50a3c3fa07e6fd3a70c89064cb639,I,none
results/validation_heasoft/gain_epoch_distribution.csv,results/validation_heasoft/gain_epoch_distribution.csv,fa4ec94ca1483b0ff0a008ec802a3e5a41103b6380707b6587dea46e81a143be,fa4ec94ca1483b0ff0a008ec802a3e5a41103b6380707b6587dea46e81a143be,I,none
results/validation_heasoft/source_randomization_results.csv,results/validation_heasoft/source_randomization_results.csv,9ef591334eb3d362878f872c75b642ebd67970c59caca10d840d55c32d1dc4ab,9ef591334eb3d362878f872c75b642ebd67970c59caca10d840d55c32d1dc4ab,I,none
results/validation_heasoft/heasoft_model_metrics.json,results/validation_heasoft/heasoft_model_metrics.json,909c958fc464ba2aad1cd8828a56d436437352eeb224286b3e6a776d596e0e3b,909c958fc464ba2aad1cd8828a56d436437352eeb224286b3e6a776d596e0e3b,I,none
results/validation_heasoft/diagnostic_metrics.json,results/validation_heasoft/diagnostic_metrics.json,4f0b0338d749355198c871570421c8ba9627b7b983db487dbf90afb6404f87e8,4f0b0338d749355198c871570421c8ba9627b7b983db487dbf90afb6404f87e8,I,none
results/validation_heasoft/matching_residual_imbalance.csv,results/validation_heasoft/matching_residual_imbalance.csv,59980419d636307dbe7c750296649a1b0d8895d4bac099df38e9c0633aee0a20,59980419d636307dbe7c750296649a1b0d8895d4bac099df38e9c0633aee0a20,I,none
results/validation_heasoft/software_environment.json,results/validation_heasoft/software_environment.json,60ebf78e13340d953afe4deb865924d6f3b6a4e3bde803dcaf19c3d87fd0f879,60ebf78e13340d953afe4deb865924d6f3b6a4e3bde803dcaf19c3d87fd0f879,I,none
results/validation_heasoft/ml_environment.json,results/validation_heasoft/ml_environment.json,fca65cfd8aa53d90a47a5484674bcc4dd625a631588f48f2f853be4d7bca5520,fca65cfd8aa53d90a47a5484674bcc4dd625a631588f48f2f853be4d7bca5520,I,none
results/validation_heasoft/environment_audit_note.json,results/validation_heasoft/environment_audit_note.json,b4057928fa50830c30d7f87e30ea93c48eacc591a01b04b130867ea1aafd6e92,b4057928fa50830c30d7f87e30ea93c48eacc591a01b04b130867ea1aafd6e92,I,none
results/validation_heasoft/bh_expansion_outcomes.csv,results/validation_heasoft/bh_expansion_outcomes.csv,f48b22b0529c6d221f3b674185bf8a16cedfcd73979f78e69aacb6e43a47a70e,f48b22b0529c6d221f3b674185bf8a16cedfcd73979f78e69aacb6e43a47a70e,I,none
results/validation_heasoft/confounder_table.csv,results/validation_heasoft/confounder_table.csv,0f9f227a9380765b4e2231546da1820e3a773d3e9fc3fe29ccf79f008abfc234,0f9f227a9380765b4e2231546da1820e3a773d3e9fc3fe29ccf79f008abfc234,I,none
results/validation_heasoft/heasoft_product_audit.csv,results/validation_heasoft/heasoft_product_audit.csv,ffeb9af131ab88974e49ac585881a2551731f66653ec58850de54faea0404bff,ffeb9af131ab88974e49ac585881a2551731f66653ec58850de54faea0404bff,I,none
results/validation_heasoft/dataset_freeze.json,results/validation_heasoft/dataset_freeze.json,758534871723b464af51e320e6cbec9bb5015042223142dcbe743869b50f97dd,758534871723b464af51e320e6cbec9bb5015042223142dcbe743869b50f97dd,I,none
results/validation_heasoft/protocol_freeze.json,results/validation_heasoft/protocol_freeze.json,99879a68d93e107c5a393c58e4984b863f40353c7cc1c43aef6db9ab43862d54,99879a68d93e107c5a393c58e4984b863f40353c7cc1c43aef6db9ab43862d54,I,none
results/validation_heasoft/primary_vs_validation.csv,results/validation_heasoft/primary_vs_validation.csv,b99393e668d26d66a9a21cc7e3f2293aaa81e26f9f9904d806e5c837ef1f8ac9,b99393e668d26d66a9a21cc7e3f2293aaa81e26f9f9904d806e5c837ef1f8ac9,I,none
results/validation_heasoft/tables/validation_table_1_cohorts.csv,results/validation_heasoft/tables/validation_table_1_cohorts.csv,9263a68198d8059013bcdfcbc6a356e9f74dee46e6ceb77e59229f37c07ed80c,9263a68198d8059013bcdfcbc6a356e9f74dee46e6ceb77e59229f37c07ed80c,I,none
results/validation_heasoft/tables/validation_table_2_performance.csv,results/validation_heasoft/tables/validation_table_2_performance.csv,c6ab4a96aa85cb61e7c21d065080bb3deba0adaf4bb901c30a2fe7d15207b83c,c6ab4a96aa85cb61e7c21d065080bb3deba0adaf4bb901c30a2fe7d15207b83c,I,none
results/validation_heasoft/tables/validation_table_3_confounders.csv,results/validation_heasoft/tables/validation_table_3_confounders.csv,e5b398094d347efeb2040295f01ada41ece2c6309b5e706fcb2c0624eaeb3c59,e5b398094d347efeb2040295f01ada41ece2c6309b5e706fcb2c0624eaeb3c59,I,none
results/validation_heasoft/tables/validation_table_4_metadata.csv,results/validation_heasoft/tables/validation_table_4_metadata.csv,054cb99c0d713c9647b7b8047669488644bde9ca565b525304bf21f176690878,054cb99c0d713c9647b7b8047669488644bde9ca565b525304bf21f176690878,I,none
results/validation_heasoft/tables/validation_table_5_failures.csv,results/validation_heasoft/tables/validation_table_5_failures.csv,3c9b5264bae28e9e74a60364c77b6b3841132140cd0cc66eecbaa263633f7bc9,3c9b5264bae28e9e74a60364c77b6b3841132140cd0cc66eecbaa263633f7bc9,I,none
results/validation_heasoft/runs/PRIMARY_SAME_OBSIDS_logistic_loso/source_summary.csv,results/validation_heasoft/runs/PRIMARY_SAME_OBSIDS_logistic_loso/source_summary.csv,2f6f7bc07be7e31cd04f5729358b4fa973ca857662cc295d18ac22bed8c47b41,2f6f7bc07be7e31cd04f5729358b4fa973ca857662cc295d18ac22bed8c47b41,I,none
results/validation_heasoft/runs/EXPANDED_SOURCE_logistic_loso/source_summary.csv,results/validation_heasoft/runs/EXPANDED_SOURCE_logistic_loso/source_summary.csv,3dddcc6addd6b0bb44fa0bed07b7ff8ea311d6641b69511f1fd3a938fbf480a0,3dddcc6addd6b0bb44fa0bed07b7ff8ea311d6641b69511f1fd3a938fbf480a0,I,none
results/validation_heasoft/runs/EXPANDED_SOURCE_forest_grouped/source_summary.csv,results/validation_heasoft/runs/EXPANDED_SOURCE_forest_grouped/source_summary.csv,cc61e90c28da03756c582034989a932c3037def3240d10c27529540d94550d79,cc61e90c28da03756c582034989a932c3037def3240d10c27529540d94550d79,I,none
results/validation_heasoft/runs/HEASOFT_VALIDATION_forest_loso/source_summary.csv,results/validation_heasoft/runs/HEASOFT_VALIDATION_forest_loso/source_summary.csv,96b352450bb301bee12b5aaaaefc13259a99519a34fbd66f5344927ad6eca9c5,96b352450bb301bee12b5aaaaefc13259a99519a34fbd66f5344927ad6eca9c5,I,none
results/validation_heasoft/runs/HEASOFT_VALIDATION_forest_grouped/source_summary.csv,results/validation_heasoft/runs/HEASOFT_VALIDATION_forest_grouped/source_summary.csv,6ca7860032cf4d2d6c3c17a80aa357845a87c86d9234eef3d08729223017176f,6ca7860032cf4d2d6c3c17a80aa357845a87c86d9234eef3d08729223017176f,I,none
results/validation_heasoft/runs/PRIMARY_SAME_OBSIDS_forest_loso/source_summary.csv,results/validation_heasoft/runs/PRIMARY_SAME_OBSIDS_forest_loso/source_summary.csv,18966752f760601b5705388270694a2bddf4f8bf56be52d3bb38711c4676187b,18966752f760601b5705388270694a2bddf4f8bf56be52d3bb38711c4676187b,I,none
results/validation_heasoft/runs/EXPANDED_SOURCE_forest_loso/source_summary.csv,results/validation_heasoft/runs/EXPANDED_SOURCE_forest_loso/source_summary.csv,3334d743ac656ef2677a6241925ec440470298b739c0281723acf100b5ac94a3,3334d743ac656ef2677a6241925ec440470298b739c0281723acf100b5ac94a3,I,none
results/validation_heasoft/runs/HEASOFT_VALIDATION_logistic_loso/source_summary.csv,results/validation_heasoft/runs/HEASOFT_VALIDATION_logistic_loso/source_summary.csv,3b6837ffdd16643707cfeeb706aa9f0ec8126736719a04f46ac260722bacad31,3b6837ffdd16643707cfeeb706aa9f0ec8126736719a04f46ac260722bacad31,I,none
results/validation_heasoft/runs/HEASOFT_MATCHED_forest_loso/source_summary.csv,results/validation_heasoft/runs/HEASOFT_MATCHED_forest_loso/source_summary.csv,7321bfc7d96445da435455f175bb4ca204388beac49d42f0917709e765f10afe,7321bfc7d96445da435455f175bb4ca204388beac49d42f0917709e765f10afe,I,none
results/validation_heasoft/runs/HEASOFT_MATCHED_logistic_grouped/source_summary.csv,results/validation_heasoft/runs/HEASOFT_MATCHED_logistic_grouped/source_summary.csv,fe73b0463e9a3604fc5b73b1183f56e3d6ab66f7040e8fc4c2efa22f8d41155b,fe73b0463e9a3604fc5b73b1183f56e3d6ab66f7040e8fc4c2efa22f8d41155b,I,none
results/validation_heasoft/runs/PRIMARY_SAME_OBSIDS_forest_grouped/source_summary.csv,results/validation_heasoft/runs/PRIMARY_SAME_OBSIDS_forest_grouped/source_summary.csv,f262773634eb460d3f00e47082634628faac2e0d1802bf758c5182c599a71748,f262773634eb460d3f00e47082634628faac2e0d1802bf758c5182c599a71748,I,none
results/validation_heasoft/runs/PRIMARY_SAME_OBSIDS_logistic_grouped/source_summary.csv,results/validation_heasoft/runs/PRIMARY_SAME_OBSIDS_logistic_grouped/source_summary.csv,ec1db06966875fa14a313eaa82fd6673cdbf81c02de6878e559b906f0e16dc8c,ec1db06966875fa14a313eaa82fd6673cdbf81c02de6878e559b906f0e16dc8c,I,none
results/validation_heasoft/runs/HEASOFT_MATCHED_logistic_loso/source_summary.csv,results/validation_heasoft/runs/HEASOFT_MATCHED_logistic_loso/source_summary.csv,015c81a8f336f81d4b5aff87e5565c70bf2ac071c1024e7c7cad9a9dc9eca189,015c81a8f336f81d4b5aff87e5565c70bf2ac071c1024e7c7cad9a9dc9eca189,I,none
results/validation_heasoft/runs/HEASOFT_MATCHED_forest_grouped/source_summary.csv,results/validation_heasoft/runs/HEASOFT_MATCHED_forest_grouped/source_summary.csv,e708a3469d1910d4e58a37442864feaa8f111b2c27607acb449c1effa21d9b81,e708a3469d1910d4e58a37442864feaa8f111b2c27607acb449c1effa21d9b81,I,none
results/validation_heasoft/runs/HEASOFT_VALIDATION_logistic_grouped/source_summary.csv,results/validation_heasoft/runs/HEASOFT_VALIDATION_logistic_grouped/source_summary.csv,41dca044e10aee5fb0892dc5571eaf1cc2a4993fe4aed153dcc05539de852222,41dca044e10aee5fb0892dc5571eaf1cc2a4993fe4aed153dcc05539de852222,I,none
results/validation_heasoft/runs/EXPANDED_SOURCE_logistic_grouped/source_summary.csv,results/validation_heasoft/runs/EXPANDED_SOURCE_logistic_grouped/source_summary.csv,5cb9f2cdb43f4e11991fe43a364ca254fcc7290ad569d180385f94f7ea05e226,5cb9f2cdb43f4e11991fe43a364ca254fcc7290ad569d180385f94f7ea05e226,I,none
results/state_extension/regime_feasibility.csv,results/state_extension/regime_feasibility.csv,6ddae6e921f7b5e3b5879272adba1f322800aacd009b4912d04058c4db50dbbd,6ddae6e921f7b5e3b5879272adba1f322800aacd009b4912d04058c4db50dbbd,I,none
results/state_extension/stage_status.json,results/state_extension/stage_status.json,03a20891c2d09c5ab0bd2cd4bf8c6d8b1b0b20532a0c16de562ae4a15df9ed8b,03a20891c2d09c5ab0bd2cd4bf8c6d8b1b0b20532a0c16de562ae4a15df9ed8b,I,none
results/state_validation/proxy_full_paired_differences.csv,results/state_validation/proxy_full_paired_differences.csv,6aadb7de639a84d13f4177ce90b12ce7f44011e84a60449545bef684606c4b25,6aadb7de639a84d13f4177ce90b12ce7f44011e84a60449545bef684606c4b25,I,none
results/state_validation/table_S3_state_controlled_performance.csv,results/state_validation/table_S3_state_controlled_performance.csv,45e4f09d884824fd974ccf66a2074e983b644d3a646174b0098ccb3167f342ba,45e4f09d884824fd974ccf66a2074e983b644d3a646174b0098ccb3167f342ba,I,none
reports/spectral_extraction_method.md,reports/spectral_extraction_method.md,ccb26b4bc589ac95b1c5f48ed5233d03d90496bd936a90eb4cee6906134835c5,ccb26b4bc589ac95b1c5f48ed5233d03d90496bd936a90eb4cee6906134835c5,I,none
reports/rxte_product_structure.md,reports/rxte_product_structure.md,f6b4675668463b39bb75a8f5c18308dbf77a0711d4bb735704809981c1ec5bac,f6b4675668463b39bb75a8f5c18308dbf77a0711d4bb735704809981c1ec5bac,I,none
reports/source_identity_review_XTE_J1908_4U1907.md,reports/source_identity_review_XTE_J1908_4U1907.md,a653ac95351ac24d10db27b0d2465530c29ef04c4fd837c1764d5780c48cb641,a653ac95351ac24d10db27b0d2465530c29ef04c4fd837c1764d5780c48cb641,I,none
manuscript/latex_submission/AUTHOR_TODOS.md,manuscript/AUTHOR_TODOS.md,434679e30b80810471366f987f234f76c0577c6989571c7c7cb59d646ed13c41,434679e30b80810471366f987f234f76c0577c6989571c7c7cb59d646ed13c41,I,none
manuscript/latex_submission/mnras.cls,manuscript/mnras.cls,43403d42440caa704a0b6631acd5ae01524869e124450a0449646fc07f4c1152,43403d42440caa704a0b6631acd5ae01524869e124450a0449646fc07f4c1152,I,none
manuscript/latex_submission/main.pdf,manuscript/main.pdf,19f44f0e6835187ffacadfd233336c799fd305ad954a47ba998399911191b3a0,450784dc62b01f45c02b18003847c6f3ffc1fe7b185c1076122a6dbdcb398432,I,author-authorized revised Phase-I manuscript replacement on 2026-09-25; historical original hash retained; rebuilt with manuscript/build.sh on 2026-09-26 from audited manuscript source with author header update; replaces supplied PDF to preserve prior audit corrections per author clarification
manuscript/latex_submission/references.bib,manuscript/references.bib,eed5793950102ebb3756184acea6011dabc81d4c20370ea94110d09bb1ba7e70,eed5793950102ebb3756184acea6011dabc81d4c20370ea94110d09bb1ba7e70,I,none
manuscript/latex_submission/main.tex,manuscript/main.tex,d8e1782eed39dd05ebc2c6d66c806536531e514cb8ac811cf9f18231233bb269,c3a733f54f98543eb424e67617bc6c57ede5cac50910adf68f4c036ad4b28a11,I,"author-authorized revised Phase-I manuscript replacement on 2026-09-25; historical original hash retained; final scientific consistency audit on 2026-09-25: three minimal wording corrections (PCU configuration, fit-audit availability, source-count imbalance); no numerical result changes; author clarification on 2026-09-26: update running author header only and retain audited manuscript text"
manuscript/latex_submission/mnras.bst,manuscript/mnras.bst,8dd7405398edf44e97c055b1e5b9b5ba1420102f1315dbf22d23c06f0d56f314,8dd7405398edf44e97c055b1e5b9b5ba1420102f1315dbf22d23c06f0d56f314,I,none
manuscript/latex_submission/supplement/supplement.pdf,manuscript/supplement/supplement.pdf,40c91d69b3c7194e5862905355177ec6d98031345c1a4ff69ee43ffd690b793c,14203cdb9e5164d9854a1863214126536b4d0cf9e5ad9a0cee0524ae04c164c6,I,rebuilt with manuscript/build.sh on 2026-09-26 from author-supplied supplement source; historical original hash retained
manuscript/latex_submission/supplement/supplement.tex,manuscript/supplement/supplement.tex,38f6d10023df7e62472a1a581d9f68a40a2d6e4ae1e1355a5f4c6186f876c7fd,fdb13ac7106a84301a15de66ea0bf89de64618a087974de3f810661c979e6a8f,I,author-supplied Desktop supplement imported verbatim on 2026-09-26; presentation and author metadata revisions only; historical original hash retained
manuscript/latex_submission/figures/figure_2_primary.pdf,manuscript/figures/figure_2_primary.pdf,ca4544ef0bc7feb2992ea67e2af28cad464e96cedc1cce31538eca5c4e72659a,ca4544ef0bc7feb2992ea67e2af28cad464e96cedc1cce31538eca5c4e72659a,I,none
manuscript/latex_submission/figures/figure_4_validation.pdf,manuscript/figures/figure_4_validation.pdf,d3371f6d171a50919c18c05a7fbd976dc8c626d869e32e2752fcff6db8e6d177,d3371f6d171a50919c18c05a7fbd976dc8c626d869e32e2752fcff6db8e6d177,I,none
manuscript/latex_submission/figures/figure_1_design.pdf,manuscript/figures/figure_1_design.pdf,608dffc0ae744ed1eb1a77833dd170d8f422242a331d4844b33aa3658f2d8072,608dffc0ae744ed1eb1a77833dd170d8f422242a331d4844b33aa3658f2d8072,I,none
manuscript/latex_submission/figures/figure_6_state.pdf,manuscript/figures/figure_6_state.pdf,71d94cb8d55da98036472d49633ba298c8a38579ec4d0b1969dc1cd8ba76cc65,71d94cb8d55da98036472d49633ba298c8a38579ec4d0b1969dc1cd8ba76cc65,I,none
manuscript/latex_submission/figures/figure_5_expanded.pdf,manuscript/figures/figure_5_expanded.pdf,4ef3262e094cde4cdcc14eef22963a0bb716c5a070e75720a438da233bfc6735,4ef3262e094cde4cdcc14eef22963a0bb716c5a070e75720a438da233bfc6735,I,none
manuscript/latex_submission/figures/figure_3_randomization.pdf,manuscript/figures/figure_3_randomization.pdf,80712c39424c93f4f3be76f2ca907a927609686d496f4c3661be82270d328a01,80712c39424c93f4f3be76f2ca907a927609686d496f4c3661be82270d328a01,I,none
manuscript/latex_submission/supplement/tables/S4_paired_processing_effects.csv,manuscript/supplement/tables/S4_paired_processing_effects.csv,9dbc1ed92535c6d9404e8e1dcd905cc0a6523674ecc33945d877ccdbe449034c,9dbc1ed92535c6d9404e8e1dcd905cc0a6523674ecc33945d877ccdbe449034c,I,none
manuscript/latex_submission/supplement/tables/S4_validation_metrics.csv,manuscript/supplement/tables/S4_validation_metrics.csv,c6ab4a96aa85cb61e7c21d065080bb3deba0adaf4bb901c30a2fe7d15207b83c,c6ab4a96aa85cb61e7c21d065080bb3deba0adaf4bb901c30a2fe7d15207b83c,I,none
manuscript/latex_submission/supplement/tables/S3_HEASOFT_VALIDATION_forest_grouped.csv,manuscript/supplement/tables/S3_HEASOFT_VALIDATION_forest_grouped.csv,6ca7860032cf4d2d6c3c17a80aa357845a87c86d9234eef3d08729223017176f,6ca7860032cf4d2d6c3c17a80aa357845a87c86d9234eef3d08729223017176f,I,none
manuscript/latex_submission/supplement/tables/S1_label_provenance.csv,manuscript/supplement/tables/S1_label_provenance.csv,b504ea5268194ff82ecc6f15c0c994a0a0bab7ab01451266d370be138dc97d7a,b504ea5268194ff82ecc6f15c0c994a0a0bab7ab01451266d370be138dc97d7a,I,none
manuscript/latex_submission/supplement/tables/S5_dossier_mxb_1658_298.md,manuscript/supplement/tables/S5_dossier_mxb_1658_298.md,43da2f2a69756d61a6c3de3a939b766ca3bb597aa853c200607eb1f9350de185,43da2f2a69756d61a6c3de3a939b766ca3bb597aa853c200607eb1f9350de185,I,none
manuscript/latex_submission/supplement/tables/S6_primary_protocol.yaml,manuscript/supplement/tables/S6_primary_protocol.yaml,0c7dd4d36ac055ab8f708f9ebb2763dd4a341c6b9a5967ddaa1f9d3347f43334,0c7dd4d36ac055ab8f708f9ebb2763dd4a341c6b9a5967ddaa1f9d3347f43334,I,none
manuscript/latex_submission/supplement/tables/S6_HEASoft_protocol.yaml,manuscript/supplement/tables/S6_HEASoft_protocol.yaml,e5a788be37bdb9a23ca0139074541663b07dc038a0bb6cad4f5ebf8370ab05cd,e5a788be37bdb9a23ca0139074541663b07dc038a0bb6cad4f5ebf8370ab05cd,I,none
manuscript/latex_submission/supplement/tables/S5_dossier_4u_1728_34.md,manuscript/supplement/tables/S5_dossier_4u_1728_34.md,4d71a432ccb72c39c700bca94362dc103a68eb00b5b812e343d74329a266690f,4d71a432ccb72c39c700bca94362dc103a68eb00b5b812e343d74329a266690f,I,none
manuscript/latex_submission/supplement/tables/column_dictionary.csv,manuscript/supplement/tables/column_dictionary.csv,eb5cb5416d0b84fc758835e650b9f7322de06f67412f6949a267bf6bd49e0c52,eb5cb5416d0b84fc758835e650b9f7322de06f67412f6949a267bf6bd49e0c52,I,none
manuscript/latex_submission/supplement/tables/S5_final_regime_counts.csv,manuscript/supplement/tables/S5_final_regime_counts.csv,6ddae6e921f7b5e3b5879272adba1f322800aacd009b4912d04058c4db50dbbd,6ddae6e921f7b5e3b5879272adba1f322800aacd009b4912d04058c4db50dbbd,I,none
manuscript/latex_submission/supplement/tables/S5_dossier_4u_1636_536.md,manuscript/supplement/tables/S5_dossier_4u_1636_536.md,caa79481064e57e7fe3804db7122d8a54c615976b9d3fc398c55e78a2698978a,caa79481064e57e7fe3804db7122d8a54c615976b9d3fc398c55e78a2698978a,I,none
manuscript/latex_submission/supplement/tables/S5_dossier_1a_1744_361.md,manuscript/supplement/tables/S5_dossier_1a_1744_361.md,89b1f0009f0383a57b3ab80ac327b4521c419f316f5fcfbfc37b0e194cc6a32f,89b1f0009f0383a57b3ab80ac327b4521c419f316f5fcfbfc37b0e194cc6a32f,I,none
manuscript/latex_submission/supplement/tables/S5_within_source_descriptive.csv,manuscript/supplement/tables/S5_within_source_descriptive.csv,bdb71a24467832136bfeb1e4435cdc3df13783be8c331a29d8432003f9af3051,bdb71a24467832136bfeb1e4435cdc3df13783be8c331a29d8432003f9af3051,I,none
manuscript/latex_submission/supplement/tables/S4_all_validation_metrics_tidy.csv,manuscript/supplement/tables/S4_all_validation_metrics_tidy.csv,c45032d342d7607c9c07739cfd244f5220a0420b479f41a5c899d86d92788b87,c45032d342d7607c9c07739cfd244f5220a0420b479f41a5c899d86d92788b87,I,none
manuscript/latex_submission/supplement/tables/S5_dossier_slx_1735_269.md,manuscript/supplement/tables/S5_dossier_slx_1735_269.md,19696a0d098cd2f3f7d3ee4888b446f42f4a89b6262094893b6429433c15c208,19696a0d098cd2f3f7d3ee4888b446f42f4a89b6262094893b6429433c15c208,I,none
manuscript/latex_submission/supplement/tables/S2_primary_robustness.csv,manuscript/supplement/tables/S2_primary_robustness.csv,0d0260014045dd032560378577d2b803795d3c1e2466035857872bdee3e54562,0d0260014045dd032560378577d2b803795d3c1e2466035857872bdee3e54562,I,none
manuscript/latex_submission/supplement/tables/S2_primary_randomization.csv,manuscript/supplement/tables/S2_primary_randomization.csv,87b3c9d195da83de3d0bf8dfc52ab8f95a304513c3042ad8b281daf94b4b1a35,87b3c9d195da83de3d0bf8dfc52ab8f95a304513c3042ad8b281daf94b4b1a35,I,none
manuscript/latex_submission/supplement/tables/S4_HEASoft_randomization.csv,manuscript/supplement/tables/S4_HEASoft_randomization.csv,9ef591334eb3d362878f872c75b642ebd67970c59caca10d840d55c32d1dc4ab,9ef591334eb3d362878f872c75b642ebd67970c59caca10d840d55c32d1dc4ab,I,none
manuscript/latex_submission/supplement/tables/S5_dossier_sax_j1750_8_2900.md,manuscript/supplement/tables/S5_dossier_sax_j1750_8_2900.md,ee4cd2879532e1ea04af095ad4597c6323bdd0b222b7288ac3bf1ad5e75e5c26,ee4cd2879532e1ea04af095ad4597c6323bdd0b222b7288ac3bf1ad5e75e5c26,I,none
manuscript/latex_submission/supplement/tables/S5_proxy_metrics.csv,manuscript/supplement/tables/S5_proxy_metrics.csv,a714e53bf292051939345c61c1d73c3aee872fb88e9f8cea477e8df234e2c64b,a714e53bf292051939345c61c1d73c3aee872fb88e9f8cea477e8df234e2c64b,I,none
manuscript/latex_submission/supplement/tables/S3_HEASOFT_MATCHED_forest_loso.csv,manuscript/supplement/tables/S3_HEASOFT_MATCHED_forest_loso.csv,7321bfc7d96445da435455f175bb4ca204388beac49d42f0917709e765f10afe,7321bfc7d96445da435455f175bb4ca204388beac49d42f0917709e765f10afe,I,none
manuscript/latex_submission/supplement/tables/S3_PRIMARY_SAME_OBSIDS_logistic_loso.csv,manuscript/supplement/tables/S3_PRIMARY_SAME_OBSIDS_logistic_loso.csv,2f6f7bc07be7e31cd04f5729358b4fa973ca857662cc295d18ac22bed8c47b41,2f6f7bc07be7e31cd04f5729358b4fa973ca857662cc295d18ac22bed8c47b41,I,none
manuscript/latex_submission/supplement/tables/S1_selected_obsids.csv,manuscript/supplement/tables/S1_selected_obsids.csv,0c7abf79845b5826c3786fc01b6d01c6b5838715a60763f7d016005960122011,0c7abf79845b5826c3786fc01b6d01c6b5838715a60763f7d016005960122011,I,none
manuscript/latex_submission/supplement/tables/S5_dossier_4u_1746_37.md,manuscript/supplement/tables/S5_dossier_4u_1746_37.md,d41c8cc63c1b82250edb9bddada277eda9117fcb24855b335419281f480d0a37,d41c8cc63c1b82250edb9bddada277eda9117fcb24855b335419281f480d0a37,I,none
manuscript/latex_submission/supplement/tables/S3_HEASOFT_VALIDATION_logistic_grouped.csv,manuscript/supplement/tables/S3_HEASOFT_VALIDATION_logistic_grouped.csv,41dca044e10aee5fb0892dc5571eaf1cc2a4993fe4aed153dcc05539de852222,41dca044e10aee5fb0892dc5571eaf1cc2a4993fe4aed153dcc05539de852222,I,none
manuscript/latex_submission/supplement/tables/S5_dossier_4u_1254_69.md,manuscript/supplement/tables/S5_dossier_4u_1254_69.md,07276d8df7ef67c83f74a360850c9d2a32781ce94236d16363e38efaba6f8728,07276d8df7ef67c83f74a360850c9d2a32781ce94236d16363e38efaba6f8728,I,none
manuscript/latex_submission/supplement/tables/S1_excluded_observations.csv,manuscript/supplement/tables/S1_excluded_observations.csv,2396d413c8e5b46525826196082432ae4adc66070680ced993b375b33ad9b2a0,2396d413c8e5b46525826196082432ae4adc66070680ced993b375b33ad9b2a0,I,none
manuscript/latex_submission/supplement/tables/S5_dossier_sax_j1808_4_3658.md,manuscript/supplement/tables/S5_dossier_sax_j1808_4_3658.md,a601c920e2c03e74b1e4219bc189cfffd90fc12b7d771f3faba6ec4366a9d247,a601c920e2c03e74b1e4219bc189cfffd90fc12b7d771f3faba6ec4366a9d247,I,none
manuscript/latex_submission/supplement/tables/S3_PRIMARY_SAME_OBSIDS_forest_loso.csv,manuscript/supplement/tables/S3_PRIMARY_SAME_OBSIDS_forest_loso.csv,18966752f760601b5705388270694a2bddf4f8bf56be52d3bb38711c4676187b,18966752f760601b5705388270694a2bddf4f8bf56be52d3bb38711c4676187b,I,none
manuscript/latex_submission/supplement/tables/S4_full_diagnostic_metrics.json,manuscript/supplement/tables/S4_full_diagnostic_metrics.json,4f0b0338d749355198c871570421c8ba9627b7b983db487dbf90afb6404f87e8,4f0b0338d749355198c871570421c8ba9627b7b983db487dbf90afb6404f87e8,I,none
manuscript/latex_submission/supplement/tables/S2_identity_predictions.csv,manuscript/supplement/tables/S2_identity_predictions.csv,ae98af687cb8bdec91634e8333d4591f4f68628e343c4113d840426d7d0e4e12,ae98af687cb8bdec91634e8333d4591f4f68628e343c4113d840426d7d0e4e12,I,none
manuscript/latex_submission/supplement/tables/S4_residual_imbalance.csv,manuscript/supplement/tables/S4_residual_imbalance.csv,59980419d636307dbe7c750296649a1b0d8895d4bac099df38e9c0633aee0a20,59980419d636307dbe7c750296649a1b0d8895d4bac099df38e9c0633aee0a20,I,none
manuscript/latex_submission/supplement/tables/S3_HEASOFT_VALIDATION_forest_loso.csv,manuscript/supplement/tables/S3_HEASOFT_VALIDATION_forest_loso.csv,96b352450bb301bee12b5aaaaefc13259a99519a34fbd66f5344927ad6eca9c5,96b352450bb301bee12b5aaaaefc13259a99519a34fbd66f5344927ad6eca9c5,I,none
manuscript/latex_submission/supplement/tables/S3_PRIMARY_SAME_OBSIDS_logistic_grouped.csv,manuscript/supplement/tables/S3_PRIMARY_SAME_OBSIDS_logistic_grouped.csv,ec1db06966875fa14a313eaa82fd6673cdbf81c02de6878e559b906f0e16dc8c,ec1db06966875fa14a313eaa82fd6673cdbf81c02de6878e559b906f0e16dc8c,I,none
manuscript/latex_submission/supplement/tables/S6_extension_mapping.json,manuscript/supplement/tables/S6_extension_mapping.json,4cd5fa777179ba89037562fc030c8827251232eb27d8668c44381d98c610b768,4cd5fa777179ba89037562fc030c8827251232eb27d8668c44381d98c610b768,I,none
manuscript/latex_submission/supplement/tables/S3_HEASOFT_VALIDATION_logistic_loso.csv,manuscript/supplement/tables/S3_HEASOFT_VALIDATION_logistic_loso.csv,3b6837ffdd16643707cfeeb706aa9f0ec8126736719a04f46ac260722bacad31,3b6837ffdd16643707cfeeb706aa9f0ec8126736719a04f46ac260722bacad31,I,none
manuscript/latex_submission/supplement/tables/S3_EXPANDED_SOURCE_logistic_grouped.csv,manuscript/supplement/tables/S3_EXPANDED_SOURCE_logistic_grouped.csv,5cb9f2cdb43f4e11991fe43a364ca254fcc7290ad569d180385f94f7ea05e226,5cb9f2cdb43f4e11991fe43a364ca254fcc7290ad569d180385f94f7ea05e226,I,none
manuscript/latex_submission/supplement/tables/S5_dossier_cyg_x_2.md,manuscript/supplement/tables/S5_dossier_cyg_x_2.md,f2af0bc289ac84cf9120dbafb5794bc22b1e1710cebfff8432a60ded201b91a9,f2af0bc289ac84cf9120dbafb5794bc22b1e1710cebfff8432a60ded201b91a9,I,none
manuscript/latex_submission/supplement/tables/S6_state_protocol.yaml,manuscript/supplement/tables/S6_state_protocol.yaml,06f2e80bf1cb3c9e68cfcf3b28a09eadc9443d6c4a4efdc9efc44ef13cd11341,06f2e80bf1cb3c9e68cfcf3b28a09eadc9443d6c4a4efdc9efc44ef13cd11341,I,none
manuscript/latex_submission/supplement/tables/S4_epoch_distribution.csv,manuscript/supplement/tables/S4_epoch_distribution.csv,fa4ec94ca1483b0ff0a008ec802a3e5a41103b6380707b6587dea46e81a143be,fa4ec94ca1483b0ff0a008ec802a3e5a41103b6380707b6587dea46e81a143be,I,none
manuscript/latex_submission/supplement/tables/S5_dossier_4u_1735_444.md,manuscript/supplement/tables/S5_dossier_4u_1735_444.md,cac5e2d76fa70b93bfd0f726a2f25899b14e287e7abbed8d7f5fef23b8a0b196,cac5e2d76fa70b93bfd0f726a2f25899b14e287e7abbed8d7f5fef23b8a0b196,I,none
manuscript/latex_submission/supplement/tables/S3_primary_LOSO.csv,manuscript/supplement/tables/S3_primary_LOSO.csv,bc6d2678e7980be298733365e0a2507731d4cb3badda62d1299bec525264f37d,bc6d2678e7980be298733365e0a2507731d4cb3badda62d1299bec525264f37d,I,none
manuscript/latex_submission/supplement/tables/S1_reference_roster.csv,manuscript/supplement/tables/S1_reference_roster.csv,0877b4b26ce2b7a608c60b9af804f37a4bcff07cab9e40a932c0da93d0ed3211,0877b4b26ce2b7a608c60b9af804f37a4bcff07cab9e40a932c0da93d0ed3211,I,none
manuscript/latex_submission/supplement/tables/S5_dossier_4u_1702_429.md,manuscript/supplement/tables/S5_dossier_4u_1702_429.md,7afe64cd7613a50a07c6c365c56c5d83db4a8852418a4db88f74ed7cc82023fe,7afe64cd7613a50a07c6c365c56c5d83db4a8852418a4db88f74ed7cc82023fe,I,none
manuscript/latex_submission/supplement/tables/S3_PRIMARY_SAME_OBSIDS_forest_grouped.csv,manuscript/supplement/tables/S3_PRIMARY_SAME_OBSIDS_forest_grouped.csv,f262773634eb460d3f00e47082634628faac2e0d1802bf758c5182c599a71748,f262773634eb460d3f00e47082634628faac2e0d1802bf758c5182c599a71748,I,none
manuscript/latex_submission/supplement/tables/S3_HEASOFT_MATCHED_forest_grouped.csv,manuscript/supplement/tables/S3_HEASOFT_MATCHED_forest_grouped.csv,e708a3469d1910d4e58a37442864feaa8f111b2c27607acb449c1effa21d9b81,e708a3469d1910d4e58a37442864feaa8f111b2c27607acb449c1effa21d9b81,I,none
manuscript/latex_submission/supplement/tables/S3_EXPANDED_SOURCE_forest_loso.csv,manuscript/supplement/tables/S3_EXPANDED_SOURCE_forest_loso.csv,3334d743ac656ef2677a6241925ec440470298b739c0281723acf100b5ac94a3,3334d743ac656ef2677a6241925ec440470298b739c0281723acf100b5ac94a3,I,none
manuscript/latex_submission/supplement/tables/S2_primary_metrics.csv,manuscript/supplement/tables/S2_primary_metrics.csv,55502a32ee39747acce0073eb5e0778dd6f00216fde740377f70b8afb0c3258e,55502a32ee39747acce0073eb5e0778dd6f00216fde740377f70b8afb0c3258e,I,none
manuscript/latex_submission/supplement/tables/S5_dossier_igr_j00291_5934.md,manuscript/supplement/tables/S5_dossier_igr_j00291_5934.md,c3ea16671b107d9ee8ba9e891a5173e55f85dc7035bcc25739e454f8ed19aadc,c3ea16671b107d9ee8ba9e891a5173e55f85dc7035bcc25739e454f8ed19aadc,I,none
manuscript/latex_submission/supplement/tables/S6_extension_search_plan.json,manuscript/supplement/tables/S6_extension_search_plan.json,b88f5925bd954f00f6e2adaf4834aa382f188674420cb35646e7f0955136753f,b88f5925bd954f00f6e2adaf4834aa382f188674420cb35646e7f0955136753f,I,none
manuscript/latex_submission/supplement/tables/S5_merged_state_catalogue.csv,manuscript/supplement/tables/S5_merged_state_catalogue.csv,7557d1908c8d1222c420e31973c63156696c1778eaa396154fc0a7e37c66611f,7557d1908c8d1222c420e31973c63156696c1778eaa396154fc0a7e37c66611f,I,none
manuscript/latex_submission/supplement/tables/S5_closure.json,manuscript/supplement/tables/S5_closure.json,03a20891c2d09c5ab0bd2cd4bf8c6d8b1b0b20532a0c16de562ae4a15df9ed8b,03a20891c2d09c5ab0bd2cd4bf8c6d8b1b0b20532a0c16de562ae4a15df9ed8b,I,none
manuscript/latex_submission/supplement/tables/S6_ML_environment.json,manuscript/supplement/tables/S6_ML_environment.json,fca65cfd8aa53d90a47a5484674bcc4dd625a631588f48f2f853be4d7bca5520,fca65cfd8aa53d90a47a5484674bcc4dd625a631588f48f2f853be4d7bca5520,I,none
manuscript/latex_submission/supplement/tables/S5_original_state_catalogue.csv,manuscript/supplement/tables/S5_original_state_catalogue.csv,260ca4fcf534e4ef2df691a59d72bc7c9a8b0cf1607588ca704fd1c710bca90e,260ca4fcf534e4ef2df691a59d72bc7c9a8b0cf1607588ca704fd1c710bca90e,I,none
manuscript/latex_submission/supplement/tables/S3_EXPANDED_SOURCE_forest_grouped.csv,manuscript/supplement/tables/S3_EXPANDED_SOURCE_forest_grouped.csv,cc61e90c28da03756c582034989a932c3037def3240d10c27529540d94550d79,cc61e90c28da03756c582034989a932c3037def3240d10c27529540d94550d79,I,none
manuscript/latex_submission/supplement/tables/S3_HEASOFT_MATCHED_logistic_grouped.csv,manuscript/supplement/tables/S3_HEASOFT_MATCHED_logistic_grouped.csv,fe73b0463e9a3604fc5b73b1183f56e3d6ab66f7040e8fc4c2efa22f8d41155b,fe73b0463e9a3604fc5b73b1183f56e3d6ab66f7040e8fc4c2efa22f8d41155b,I,none
manuscript/latex_submission/supplement/tables/S5_dossier_hete_j1900_1_2455.md,manuscript/supplement/tables/S5_dossier_hete_j1900_1_2455.md,9a06fda705ba12ec4fd815167290800b82c2b5a061e1d1506bc3276dfcbd9a63,9a06fda705ba12ec4fd815167290800b82c2b5a061e1d1506bc3276dfcbd9a63,I,none
manuscript/latex_submission/supplement/tables/S5_dossier_4u_1705_44.md,manuscript/supplement/tables/S5_dossier_4u_1705_44.md,fc67d3d80dd98df332b71b7fd758a3ab092fce5de7df940820e7b1402ed313c1,fc67d3d80dd98df332b71b7fd758a3ab092fce5de7df940820e7b1402ed313c1,I,none
manuscript/latex_submission/supplement/tables/S6_processing_environment.json,manuscript/supplement/tables/S6_processing_environment.json,23ebf678a562fdcf031d885434ca15f78feb6878a28bb8d5b66485cefeb5a3d7,23ebf678a562fdcf031d885434ca15f78feb6878a28bb8d5b66485cefeb5a3d7,I,none
manuscript/latex_submission/supplement/tables/S2_primary_paired_differences.csv,manuscript/supplement/tables/S2_primary_paired_differences.csv,33f63227fba213485b6f7581c77f7f10eece15098ede368bc798f6c5d530871e,33f63227fba213485b6f7581c77f7f10eece15098ede368bc798f6c5d530871e,I,none
manuscript/latex_submission/supplement/tables/S4_full_validation_metrics.json,manuscript/supplement/tables/S4_full_validation_metrics.json,909c958fc464ba2aad1cd8828a56d436437352eeb224286b3e6a776d596e0e3b,909c958fc464ba2aad1cd8828a56d436437352eeb224286b3e6a776d596e0e3b,I,none
manuscript/latex_submission/supplement/tables/S4_epoch_holdout.csv,manuscript/supplement/tables/S4_epoch_holdout.csv,2c96517d345a571f1a4e0f78a0e94d3b3c85cc2249fe52a23b4c95420c981f47,2c96517d345a571f1a4e0f78a0e94d3b3c85cc2249fe52a23b4c95420c981f47,I,none
manuscript/latex_submission/supplement/tables/S6_primary_environment.json,manuscript/supplement/tables/S6_primary_environment.json,39816b1283feb9a984581cb9397028bdd9d727f91c89fe7a8cdaa8c9b209badb,39816b1283feb9a984581cb9397028bdd9d727f91c89fe7a8cdaa8c9b209badb,I,none
manuscript/latex_submission/supplement/tables/S1_cohort_census.csv,manuscript/supplement/tables/S1_cohort_census.csv,9263a68198d8059013bcdfcbc6a356e9f74dee46e6ceb77e59229f37c07ed80c,9263a68198d8059013bcdfcbc6a356e9f74dee46e6ceb77e59229f37c07ed80c,I,none
manuscript/latex_submission/supplement/tables/S5_dossier_aql_x_1.md,manuscript/supplement/tables/S5_dossier_aql_x_1.md,8b0c75480746570bcc23fe5c3cff0483432a1b376da8df91ecd4fc372ddedf29,8b0c75480746570bcc23fe5c3cff0483432a1b376da8df91ecd4fc372ddedf29,I,none
manuscript/latex_submission/supplement/tables/S3_HEASOFT_MATCHED_logistic_loso.csv,manuscript/supplement/tables/S3_HEASOFT_MATCHED_logistic_loso.csv,015c81a8f336f81d4b5aff87e5565c70bf2ac071c1024e7c7cad9a9dc9eca189,015c81a8f336f81d4b5aff87e5565c70bf2ac071c1024e7c7cad9a9dc9eca189,I,none
manuscript/latex_submission/supplement/tables/S3_EXPANDED_SOURCE_logistic_loso.csv,manuscript/supplement/tables/S3_EXPANDED_SOURCE_logistic_loso.csv,3dddcc6addd6b0bb44fa0bed07b7ff8ea311d6641b69511f1fd3a938fbf480a0,3dddcc6addd6b0bb44fa0bed07b7ff8ea311d6641b69511f1fd3a938fbf480a0,I,none
manuscript/latex_submission/supplement/tables/S2_learning_curve.csv,manuscript/supplement/tables/S2_learning_curve.csv,7322829db0d370c1e6d741480272e1826b3ca2cdb706b445907f1ae0fb26a927,7322829db0d370c1e6d741480272e1826b3ca2cdb706b445907f1ae0fb26a927,I,none
manuscript/latex_submission/supplement/tables/S5_native_state_descriptive.csv,manuscript/supplement/tables/S5_native_state_descriptive.csv,872aac00b1274a41406528e8a2ba34fad45243609c4c98195462a9559ac14ede,872aac00b1274a41406528e8a2ba34fad45243609c4c98195462a9559ac14ede,I,none
manuscript/latex_submission/supplement/tables/S1_source_aliases.csv,manuscript/supplement/tables/S1_source_aliases.csv,0722bf7b921892cda6ba646bb53e367de97069425bf9175c7f2d89a003b75248,0722bf7b921892cda6ba646bb53e367de97069425bf9175c7f2d89a003b75248,I,none
manuscript/latex_submission/supplement/tables/S5_reliability.csv,manuscript/supplement/tables/S5_reliability.csv,57c06276adf399ff61ce5830cd9a10ffe3a7701b9f6adf515d8e5a8ac5d38640,57c06276adf399ff61ce5830cd9a10ffe3a7701b9f6adf515d8e5a8ac5d38640,I,none
manuscript/latex_submission/supplement/tables/S5_dossier_4u_0614_09.md,manuscript/supplement/tables/S5_dossier_4u_0614_09.md,324d5c8d71e32278f6cb4e8a7dc9deaf8a94d7619e6eee7632f900da591d035e,324d5c8d71e32278f6cb4e8a7dc9deaf8a94d7619e6eee7632f900da591d035e,I,none
manuscript/latex_submission/supplement/tables/S1_source_registry.csv,manuscript/supplement/tables/S1_source_registry.csv,fa476c8ab983dcf73c9d8b5b9ca768c66ca1f1d8a6ce5357f26819ebf9ee3d21,fa476c8ab983dcf73c9d8b5b9ca768c66ca1f1d8a6ce5357f26819ebf9ee3d21,I,none
manuscript/latex_submission/supplement/tables/S5_proxy_full_paired.csv,manuscript/supplement/tables/S5_proxy_full_paired.csv,6aadb7de639a84d13f4177ce90b12ce7f44011e84a60449545bef684606c4b25,6aadb7de639a84d13f4177ce90b12ce7f44011e84a60449545bef684606c4b25,I,none
manuscript/latex_submission/supplement/tables/S5_dossier_ks_1731_260.md,manuscript/supplement/tables/S5_dossier_ks_1731_260.md,979f9b2781bd4dbeaca589f085fbe5c01337722b6c5fbb9be1caa34b44338c24,979f9b2781bd4dbeaca589f085fbe5c01337722b6c5fbb9be1caa34b44338c24,I,none
manuscript/latex_submission/supplement/tables/S6_environment_correction.json,manuscript/supplement/tables/S6_environment_correction.json,b4057928fa50830c30d7f87e30ea93c48eacc591a01b04b130867ea1aafd6e92,b4057928fa50830c30d7f87e30ea93c48eacc591a01b04b130867ea1aafd6e92,I,none
manuscript/latex_submission/supplement/tables/evidence_index.csv,manuscript/supplement/tables/evidence_index.csv,dc535455dca094d23df4c85a3e7d9561aa24da5b1ce498e321284915e69e8aef,dc535455dca094d23df4c85a3e7d9561aa24da5b1ce498e321284915e69e8aef,I,none
manuscript/latex_submission/supplement/tables/S5_dossier_ser_x_1.md,manuscript/supplement/tables/S5_dossier_ser_x_1.md,861b0d1dd3e3aada74d5b89971f8e9e279600f5a89d134af0a8b5b63397673b4,861b0d1dd3e3aada74d5b89971f8e9e279600f5a89d134af0a8b5b63397673b4,I,none
manuscript/latex_submission/supplement/tables/S5_dossier_sax_j1806_5_2215.md,manuscript/supplement/tables/S5_dossier_sax_j1806_5_2215.md,4c873477ac4e87e3a9cac34255e697a847cde56a14d978524d2080afda1ced14,4c873477ac4e87e3a9cac34255e697a847cde56a14d978524d2080afda1ced14,I,none
manuscript/latex_submission/supplement/tables/S4_detector_configuration.csv,manuscript/supplement/tables/S4_detector_configuration.csv,0f9f227a9380765b4e2231546da1820e3a773d3e9fc3fe29ccf79f008abfc234,0f9f227a9380765b4e2231546da1820e3a773d3e9fc3fe29ccf79f008abfc234,I,none
manuscript/latex_submission/supplement/figures/figure_S1_calibration.pdf,manuscript/supplement/figures/figure_S1_calibration.pdf,8d1b98c8254d29b628e9d01b655205991a76b18ff59791745bd62107c70b979c,8d1b98c8254d29b628e9d01b655205991a76b18ff59791745bd62107c70b979c,I,none
